STATION,STATION_NAME,DATE,DLY-GRDD-BASE40,DLY-GRDD-BASE45,DLY-GRDD-BASE50,DLY-GRDD-BASE55,DLY-GRDD-BASE57,DLY-GRDD-BASE60,DLY-GRDD-BASE65,DLY-GRDD-BASE70,DLY-GRDD-BASE72,DLY-GRDD-TB4886,DLY-GRDD-TB5086,DLY-CLDD-BASE45,DLY-CLDD-BASE50,DLY-CLDD-BASE55,DLY-CLDD-BASE57,DLY-CLDD-BASE60,DLY-CLDD-NORMAL,DLY-CLDD-BASE70,DLY-CLDD-BASE72,DLY-HTDD-BASE40,DLY-HTDD-BASE45,DLY-HTDD-BASE50,DLY-HTDD-BASE55,DLY-HTDD-BASE57,DLY-HTDD-BASE60,DLY-HTDD-NORMAL,DLY-PRCP-25PCTL,DLY-SNWD-25PCTL,DLY-SNOW-25PCTL,DLY-PRCP-50PCTL,DLY-SNWD-50PCTL,DLY-SNOW-50PCTL,DLY-PRCP-75PCTL,DLY-SNWD-75PCTL,DLY-SNOW-75PCTL,MTD-PRCP-NORMAL,MTD-SNOW-NORMAL,YTD-PRCP-NORMAL,YTD-SNOW-NORMAL,DLY-PRCP-PCTALL-GE001HI,DLY-PRCP-PCTALL-GE010HI,DLY-PRCP-PCTALL-GE050HI,DLY-PRCP-PCTALL-GE100HI,DLY-SNWD-PCTALL-GE001WI,DLY-SNWD-PCTALL-GE010WI,DLY-SNWD-PCTALL-GE003WI,DLY-SNWD-PCTALL-GE005WI,DLY-SNOW-PCTALL-GE001TI,DLY-SNOW-PCTALL-GE010TI,DLY-SNOW-PCTALL-GE100TI,DLY-SNOW-PCTALL-GE030TI,DLY-SNOW-PCTALL-GE050TI,DLY-TAVG-NORMAL,DLY-DUTR-NORMAL,DLY-TMAX-NORMAL,DLY-TMIN-NORMAL,DLY-TAVG-STDDEV,DLY-DUTR-STDDEV,DLY-TMAX-STDDEV,DLY-TMIN-STDDEV
GHCND:USC00295084,LOS ALAMOS NM US,20100101,-4321,-4321,0,0,0,0,0,0,0,-4321,-4321,-4321,0,0,0,0,0,0,0,6,9,12,14,16,17,20,0.08,8,2.0,0.20,13,4.1,0.56,20,9.1,0.08,0.8,0.08,0.8,192,87,14,2,587,107,488,367,154,112,8,48,26,-1.9,-6.9,3.5,-7.3,-13.6,-14.7,-13.3,-13.4
GHCND:USC00295084,LOS ALAMOS NM US,20100102,-4321,-4321,0,0,0,0,0,0,0,-4321,-4321,-4321,0,0,0,0,0,0,0,6,9,12,14,16,17,20,0.08,10,2.0,0.20,13,4.1,0.56,20,9.1,0.13,1.8,0.13,1.8,191,87,14,2,594,110,496,374,153,111,8,48,26,-1.9,-6.9,3.6,-7.3,-13.6,-14.7,-13.3,-13.4
GHCND:USC00295084,LOS ALAMOS NM US,20100103,-4321,-4321,0,0,0,0,0,0,0,-4321,-4321,-4321,0,0,0,0,0,0,0,6,9,12,14,16,17,20,0.08,10,2.0,0.20,13,4.1,0.56,23,9.4,0.20,2.8,0.20,2.8,189,86,15,2,600,112,503,380,153,111,8,48,26,-1.8,-6.9,3.6,-7.3,-13.6,-14.7,-13.3,-13.4
GHCND:USC00295084,LOS ALAMOS NM US,20100104,-4321,-4321,0,0,0,0,0,0,0,-4321,-4321,-4321,0,0,0,0,0,0,0,6,9,12,14,16,17,20,0.08,10,2.0,0.20,13,4.3,0.56,23,9.4,0.28,3.6,0.28,3.6,188,86,15,2,607,115,510,386,152,111,8,49,26,-1.8,-6.9,3.6,-7.3,-13.6,-14.7,-13.2,-13.4
GHCND:USC00295084,LOS ALAMOS NM US,20100105,-4321,-4321,0,0,0,0,0,0,0,-4321,-4321,-4321,0,0,0,0,0,0,0,6,9,12,14,16,17,20,0.08,10,2.0,0.20,13,4.3,0.56,23,9.4,0.36,4.6,0.36,4.6,187,86,15,1,613,117,516,392,152,110,8,49,27,-1.8,-6.9,3.6,-7.3,-13.6,-14.7,-13.2,-13.4
GHCND:USC00295084,LOS ALAMOS NM US,20100106,-4321,-4321,0,0,0,0,0,0,0,-4321,-4321,-4321,0,0,0,0,0,0,0,6,9,12,14,16,17,20,0.08,10,2.0,0.20,13,4.3,0.58,23,9.7,0.43,5.6,0.43,5.6,186,85,15,1,618,120,523,397,151,110,8,50,27,-1.8,-6.9,3.7,-7.2,-13.6,-14.7,-13.2,-13.4
GHCND:USC00295084,LOS ALAMOS NM US,20100107,-4321,-4321,0,0,0,0,0,0,0,-4321,-4321,-4321,0,0,0,0,0,0,0,6,9,12,14,16,17,20,0.08,10,2.0,0.20,13,4.3,0.58,23,9.7,0.48,6.6,0.48,6.6,185,85,15,1,624,122,528,402,151,109,8,50,27,-1.8,-6.8,3.7,-7.2,-13.6,-14.7,-13.2,-13.4
GHCND:USC00295084,LOS ALAMOS NM US,20100108,-4321,-4321,0,0,0,0,0,0,0,-4321,-4321,-4321,0,0,0,0,0,0,0,6,9,12,14,16,17,20,0.08,10,2.0,0.20,13,4.3,0.58,23,9.7,0.56,7.6,0.56,7.6,184,85,15,1,629,125,534,406,150,109,8,51,27,-1.7,-6.8,3.7,-7.2,-13.6,-14.7,-13.2,-13.4
GHCND:USC00295084,LOS ALAMOS NM US,20100109,-4321,-4321,0,0,0,0,0,0,0,-4321,-4321,-4321,0,0,0,0,0,0,0,6,9,12,14,16,17,20,0.08,10,2.0,0.20,15,4.3,0.58,23,9.7,0.64,8.6,0.64,8.6,183,84,15,1,634,128,539,411,150,109,9,51,28,-1.7,-6.8,3.8,-7.2,-13.6,-14.7,-13.2,-13.4
GHCND:USC00295084,LOS ALAMOS NM US,20100110,-4321,-4321,0,0,0,0,0,0,0,-4321,-4321,-4321,0,0,0,0,0,0,0,6,9,12,14,16,17,20,0.08,10,2.0,0.20,15,4.3,0.58,23,9.9,0.71,9.7,0.71,9.7,183,84,16,1,639,131,543,415,150,108,9,51,28,-1.7,-6.8,3.8,-7.2,-13.6,-14.7,-13.2,-13.4
GHCND:USC00295084,LOS ALAMOS NM US,20100111,-4321,-4321,0,0,0,0,0,0,0,-4321,-4321,-4321,0,0,0,0,0,0,0,6,9,12,14,16,17,20,0.08,10,2.0,0.20,15,4.3,0.58,23,9.9,0.79,10.4,0.79,10.4,182,84,16,1,644,134,547,418,151,109,9,52,28,-1.7,-6.8,3.8,-7.2,-13.6,-14.7,-13.2,-13.4
GHCND:USC00295084,LOS ALAMOS NM US,20100112,-4321,-4321,0,0,0,0,0,0,0,-4321,-4321,-4321,0,0,0,0,0,0,0,6,9,12,14,16,17,20,0.08,10,2.0,0.20,15,4.3,0.58,23,9.9,0.84,11.4,0.84,11.4,182,84,16,1,649,137,551,421,151,109,9,52,28,-1.7,-6.8,3.8,-7.2,-13.6,-14.7,-13.2,-13.5
GHCND:USC00295084,LOS ALAMOS NM US,20100113,-4321,-4321,0,0,0,0,0,0,0,-4321,-4321,-4321,0,0,0,0,0,0,0,6,9,12,14,16,17,20,0.08,10,2.0,0.20,15,4.3,0.61,23,9.9,0.91,12.4,0.91,12.4,182,83,16,1,653,140,554,424,152,109,9,53,28,-1.6,-6.8,3.9,-7.1,-13.6,-14.7,-13.2,-13.5
GHCND:USC00295084,LOS ALAMOS NM US,20100114,-4321,-4321,0,0,0,0,0,0,0,-4321,-4321,-4321,0,0,0,0,0,0,0,6,9,12,14,16,17,20,0.08,10,1.8,0.20,15,4.3,0.61,23,9.9,0.99,13.5,0.99,13.5,182,83,16,1,657,143,557,426,152,109,9,53,28,-1.6,-6.8,3.9,-7.1,-13.6,-14.7,-13.2,-13.5
GHCND:USC00295084,LOS ALAMOS NM US,20100115,-4321,-4321,0,0,0,0,0,0,0,-4321,-4321,-4321,0,0,0,0,0,0,0,6,9,12,14,16,17,20,0.08,10,1.8,0.20,15,4.3,0.61,23,9.9,1.09,14.5,1.09,14.5,182,83,17,1,660,145,560,428,152,108,9,53,28,-1.6,-6.8,3.9,-7.1,-13.7,-14.7,-13.2,-13.5
GHCND:USC00295084,LOS ALAMOS NM US,20100116,-4321,-4321,0,0,0,0,0,0,0,-4321,-4321,-4321,0,0,0,0,0,0,0,6,9,12,14,16,17,20,0.08,10,1.8,0.20,15,4.3,0.61,23,9.9,1.17,15.5,1.17,15.5,183,83,17,1,664,148,563,430,153,109,9,53,28,-1.6,-6.8,3.9,-7.1,-13.7,-14.7,-13.2,-13.5
GHCND:USC00295084,LOS ALAMOS NM US,20100117,-4321,-4321,0,0,0,0,0,0,0,-4321,-4321,-4321,0,0,0,0,0,0,0,6,9,12,14,16,17,20,0.08,10,1.8,0.20,15,4.3,0.61,23,9.9,1.24,16.5,1.24,16.5,183,83,17,1,668,151,565,431,153,109,10,54,28,-1.5,-6.7,4.0,-7.1,-13.7,-14.6,-13.2,-13.5
GHCND:USC00295084,LOS ALAMOS NM US,20100118,-4321,-4321,0,0,0,0,0,0,0,-4321,-4321,-4321,0,0,0,0,0,0,0,6,9,12,14,16,17,20,0.08,10,1.8,0.20,15,4.3,0.61,23,9.9,1.35,17.8,1.35,17.8,184,83,17,1,671,153,567,432,153,108,10,54,28,-1.5,-6.7,4.1,-7.0,-13.7,-14.6,-13.2,-13.5
GHCND:USC00295084,LOS ALAMOS NM US,20100119,-4321,-4321,0,0,0,0,0,0,0,-4321,-4321,-4321,0,0,0,0,0,0,0,6,9,12,14,16,17,20,0.08,8,1.8,0.20,15,4.3,0.61,23,9.9,1.42,18.8,1.42,18.8,184,83,17,1,675,155,569,432,153,108,10,54,28,-1.4,-6.7,4.1,-7.0,-13.7,-14.6,-13.2,-13.5
GHCND:USC00295084,LOS ALAMOS NM US,20100120,-4321,-4321,0,0,0,0,0,0,0,-4321,-4321,-4321,0,0,0,0,0,0,0,6,9,12,14,16,17,20,0.08,8,1.8,0.20,15,4.3,0.61,23,9.9,1.52,20.1,1.52,20.1,185,82,17,1,678,157,570,432,153,108,9,53,28,-1.4,-6.7,4.1,-6.9,-13.6,-14.6,-13.2,-13.5
GHCND:USC00295084,LOS ALAMOS NM US,20100121,-4321,-4321,0,0,0,0,0,0,0,-4321,-4321,-4321,0,0,0,0,0,0,0,6,9,11,14,15,17,19,0.08,8,1.8,0.20,15,4.3,0.61,23,9.7,1.60,21.1,1.60,21.1,186,82,17,1,680,158,569,431,154,107,9,53,28,-1.4,-6.7,4.2,-6.9,-13.6,-14.6,-13.1,-13.5
GHCND:USC00295084,LOS ALAMOS NM US,20100122,-4321,-4321,0,0,0,0,0,0,0,-4321,-4321,-4321,0,0,0,0,0,0,0,6,8,11,14,15,17,19,0.08,8,1.5,0.20,15,4.3,0.58,23,9.7,1.70,22.4,1.70,22.4,186,82,17,1,682,159,569,430,154,106,9,53,27,-1.3,-6.7,4.2,-6.9,-13.6,-14.6,-13.1,-13.5
GHCND:USC00295084,LOS ALAMOS NM US,20100123,-4321,-4321,0,0,0,0,0,0,0,-4321,-4321,-4321,0,0,0,0,0,0,0,6,8,11,14,15,17,19,0.08,8,1.5,0.20,15,4.1,0.58,23,9.7,1.78,23.6,1.78,23.6,188,82,16,1,683,159,567,427,154,106,9,53,27,-1.3,-6.7,4.2,-6.8,-13.6,-14.6,-13.1,-13.5
GHCND:USC00295084,LOS ALAMOS NM US,20100124,-4321,-4321,0,0,0,0,0,0,0,-4321,-4321,-4321,0,0,0,0,0,0,0,6,8,11,14,15,17,19,0.08,8,1.5,0.20,13,4.1,0.58,23,9.7,1.85,24.9,1.85,24.9,189,82,16,1,683,160,564,424,155,106,9,53,27,-1.3,-6.7,4.3,-6.8,-13.6,-14.6,-13.1,-13.5
GHCND:USC00295084,LOS ALAMOS NM US,20100125,-4321,-4321,0,0,0,0,0,0,0,-4321,-4321,-4321,0,0,0,0,0,0,0,6,8,11,14,15,17,19,0.08,8,1.5,0.20,13,4.1,0.58,23,9.7,1.96,26.2,1.96,26.2,191,82,16,0,682,160,561,421,156,106,9,53,27,-1.2,-6.7,4.3,-6.8,-13.6,-14.5,-13.1,-13.5
GHCND:USC00295084,LOS ALAMOS NM US,20100126,-4321,-4321,0,0,0,0,0,0,0,-4321,-4321,-4321,0,0,0,0,0,0,0,6,8,11,14,15,17,19,0.08,8,1.5,0.18,13,4.1,0.58,23,9.4,2.03,27.4,2.03,27.4,192,83,16,0,681,160,557,417,156,105,9,53,26,-1.2,-6.7,4.3,-6.7,-13.6,-14.5,-13.1,-13.5
GHCND:USC00295084,LOS ALAMOS NM US,20100127,-4321,-4321,0,0,0,0,0,0,0,-4321,-4321,-4321,0,0,0,0,0,0,0,6,8,11,14,15,17,19,0.08,8,1.5,0.20,13,4.1,0.58,23,9.4,2.11,28.7,2.11,28.7,194,83,16,0,680,160,553,413,157,106,9,53,26,-1.2,-6.7,4.4,-6.7,-13.6,-14.5,-13.1,-13.5
GHCND:USC00295084,LOS ALAMOS NM US,20100128,-4321,-4321,0,0,0,0,0,0,0,-4321,-4321,-4321,0,0,0,0,0,0,0,6,8,11,14,15,17,19,0.08,8,1.3,0.20,13,4.1,0.58,23,9.4,2.21,29.7,2.21,29.7,196,84,16,0,678,160,548,409,158,106,9,53,26,-1.1,-6.7,4.4,-6.6,-13.7,-14.5,-13.1,-13.5
GHCND:USC00295084,LOS ALAMOS NM US,20100129,-4321,-4321,0,0,0,0,0,0,0,-4321,-4321,-4321,0,0,0,0,0,0,0,6,8,11,14,15,17,19,0.08,8,1.3,0.20,13,4.1,0.58,23,9.4,2.29,31.0,2.29,31.0,197,85,16,0,675,160,543,404,159,106,9,53,26,-1.1,-6.7,4.5,-6.6,-13.7,-14.4,-13.2,-13.5
GHCND:USC00295084,LOS ALAMOS NM US,20100130,-4321,-4321,0,0,0,0,0,0,0,-4321,-4321,-4321,0,0,0,0,0,0,0,6,8,11,14,15,17,19,0.08,8,1.3,0.20,13,3.8,0.56,23,9.4,2.39,32.3,2.39,32.3,199,86,15,0,671,160,537,399,160,106,9,53,25,-1.0,-6.7,4.6,-6.6,-13.7,-14.4,-13.2,-13.5
GHCND:USC00295084,LOS ALAMOS NM US,20100131,-4321,-4321,0,0,0,0,0,0,0,-4321,-4321,-4321,0,0,0,0,0,0,0,6,8,11,14,15,17,19,0.08,8,1.3,0.20,13,3.8,0.56,23,9.1,2.46,33.3,2.46,33.3,201,87,15,0,667,160,531,394,161,105,8,53,25,-0.9,-6.7,4.6,-6.5,-13.7,-14.4,-13.2,-13.6
GHCND:USC00295084,LOS ALAMOS NM US,20100201,-4321,-4321,0,0,0,0,0,0,0,-4321,-4321,-4321,0,0,0,0,0,0,0,6,8,11,14,15,17,19,0.08,8,1.3,0.18,13,3.8,0.56,23,9.1,0.08,1.0,2.54,34.3,202,87,15,0,662,160,524,389,162,105,8,52,25,-0.9,-6.7,4.7,-6.4,-13.7,-14.4,-13.2,-13.6
GHCND:USC00295084,LOS ALAMOS NM US,20100202,-4321,-4321,0,0,0,0,0,0,0,-4321,-4321,-4321,0,0,0,0,0,0,0,6,8,11,13,14,16,19,0.08,8,1.3,0.18,13,3.8,0.56,23,9.1,0.15,2.3,2.62,35.6,204,88,15,0,656,160,517,383,162,105,8,52,25,-0.8,-6.7,4.8,-6.3,-13.7,-14.4,-13.2,-13.6
GHCND:USC00295084,LOS ALAMOS NM US,20100203,-4321,-4321,0,0,0,0,0,0,0,-4321,-4321,-4321,0,0,0,0,0,0,0,6,8,11,13,14,16,19,0.08,8,1.0,0.18,13,3.8,0.56,23,8.9,0.23,3.3,2.69,36.6,205,89,14,0,649,160,510,378,162,104,8,52,25,-0.7,-6.7,4.8,-6.3,-13.8,-14.4,-13.2,-13.6
GHCND:USC00295084,LOS ALAMOS NM US,20100204,-4321,-4321,0,0,0,0,0,0,0,-4321,-4321,-4321,0,0,0,0,0,0,0,5,8,11,13,14,16,19,0.05,8,1.0,0.18,13,3.6,0.56,23,8.9,0.30,4.3,2.77,37.6,207,89,14,0,642,159,502,372,163,104,8,51,24,-0.7,-6.7,4.9,-6.2,-13.8,-14.3,-13.2,-13.6
GHCND:USC00295084,LOS ALAMOS NM US,20100205,-4321,-4321,0,0,0,0,0,0,0,-4321,-4321,-4321,0,0,0,0,0,0,0,5,8,11,13,14,16,19,0.05,8,1.0,0.18,13,3.6,0.56,23,8.9,0.38,5.3,2.84,38.6,208,90,14,0,635,158,493,365,163,103,7,50,24,-0.6,-6.7,5.0,-6.2,-13.8,-14.3,-13.2,-13.7
GHCND:USC00295084,LOS ALAMOS NM US,20100206,-4321,-4321,0,0,0,0,0,0,0,-4321,-4321,-4321,0,0,0,0,0,0,0,5,8,11,13,14,16,19,0.05,8,1.0,0.18,13,3.6,0.56,23,8.6,0.46,6.4,2.92,39.6,210,91,14,0,626,157,484,359,163,103,7,50,24,-0.5,-6.6,5.1,-6.1,-13.8,-14.3,-13.2,-13.7
GHCND:USC00295084,LOS ALAMOS NM US,20100207,-4321,-4321,0,0,0,0,0,0,0,-4321,-4321,-4321,0,0,0,0,0,0,0,5,8,11,13,14,16,19,0.05,5,1.0,0.18,13,3.6,0.53,23,8.6,0.53,7.4,3.00,40.6,211,91,14,0,617,156,475,352,163,102,7,49,23,-0.4,-6.6,5.2,-6.0,-13.8,-14.3,-13.2,-13.7
GHCND:USC00295084,LOS ALAMOS NM US,20100208,-4321,-4321,0,0,0,0,0,0,0,-4321,-4321,-4321,0,0,0,0,0,0,0,5,8,11,13,14,16,19,0.05,5,1.0,0.18,13,3.6,0.53,23,8.4,0.61,8.6,3.07,41.9,213,92,13,0,608,154,465,344,163,101,7,48,23,-0.3,-6.6,5.3,-5.9,-13.8,-14.3,-13.2,-13.7
GHCND:USC00295084,LOS ALAMOS NM US,20100209,-4321,-4321,0,0,0,0,0,0,0,-4321,-4321,-4321,0,0,0,0,0,0,0,5,7,10,13,14,16,18,0.05,5,1.0,0.18,13,3.6,0.53,23,8.4,0.69,9.7,3.15,42.9,213,93,13,0,597,152,455,337,162,100,6,47,23,-0.2,-6.6,5.4,-5.8,-13.8,-14.3,-13.2,-13.7
GHCND:USC00295084,LOS ALAMOS NM US,20100210,-4321,-4321,0,0,0,0,0,0,0,-4321,-4321,-4321,0,0,0,0,0,0,0,4,7,10,13,14,16,18,0.05,5,1.0,0.18,13,3.3,0.53,25,8.4,0.79,10.9,3.25,44.2,214,94,13,0,586,149,445,329,161,99,6,46,22,-0.1,-6.6,5.5,-5.7,-13.8,-14.3,-13.2,-13.8
GHCND:USC00295084,LOS ALAMOS NM US,20100211,-4321,-4321,0,0,0,0,0,0,0,-4321,-4321,-4321,0,0,0,0,0,0,0,4,7,10,13,14,16,18,0.08,5,1.0,0.18,13,3.3,0.53,25,8.1,0.86,11.9,3.33,45.2,215,95,13,0,574,147,434,321,160,99,6,46,22,-0.1,-6.6,5.6,-5.7,-13.8,-14.3,-13.2,-13.8
GHCND:USC00295084,LOS ALAMOS NM US,20100212,-4321,-4321,0,0,0,0,0,0,0,1,-4321,-4321,0,0,0,0,0,0,0,4,7,10,13,14,16,18,0.08,5,1.0,0.20,13,3.3,0.53,25,8.1,0.94,13.2,3.40,46.5,216,96,13,0,561,144,423,313,160,98,5,45,21,0.1,-6.5,5.7,-5.6,-13.8,-14.2,-13.2,-13.8
GHCND:USC00295084,LOS ALAMOS NM US,20100213,-4321,-4321,0,0,0,0,0,0,0,1,-4321,-4321,0,0,0,0,0,0,0,4,7,10,13,14,16,18,0.08,5,1.0,0.20,13,3.3,0.53,25,8.1,1.02,14.2,3.48,47.5,217,97,13,0,548,142,411,304,159,97,5,44,21,0.2,-6.5,5.8,-5.4,-13.8,-14.2,-13.2,-13.8
GHCND:USC00295084,LOS ALAMOS NM US,20100214,-4321,-4321,0,0,0,0,0,0,0,1,-4321,-4321,0,0,0,0,0,0,0,4,7,9,12,13,15,18,0.08,5,1.0,0.20,13,3.3,0.53,25,8.1,1.09,15.5,3.56,48.8,218,98,12,0,535,139,399,296,158,97,5,44,21,0.3,-6.4,5.9,-5.4,-13.8,-14.2,-13.1,-13.8
GHCND:USC00295084,LOS ALAMOS NM US,20100215,-4321,-4321,-4321,0,0,0,0,0,0,1,-4321,-4321,-4321,0,0,0,0,0,0,4,7,9,12,13,15,18,0.08,5,1.0,0.20,13,3.3,0.53,25,8.1,1.14,16.5,3.61,49.8,219,98,12,0,522,137,387,288,158,96,5,43,20,0.4,-6.4,6.1,-5.3,-13.8,-14.2,-13.1,-13.8
GHCND:USC00295084,LOS ALAMOS NM US,20100216,-4321,-4321,-4321,0,0,0,0,0,0,1,-4321,-4321,-4321,0,0,0,0,0,0,4,7,9,12,13,15,18,0.08,5,1.0,0.20,13,3.3,0.51,25,7.9,1.22,17.5,3.68,50.8,219,99,12,0,508,134,375,279,157,96,5,43,20,0.5,-6.4,6.2,-5.2,-13.8,-14.2,-13.1,-13.8
GHCND:USC00295084,LOS ALAMOS NM US,20100217,-4321,-4321,-4321,0,0,0,0,0,0,1,-4321,-4321,-4321,0,0,0,0,0,0,4,7,9,12,13,15,18,0.08,5,1.0,0.20,15,3.3,0.51,25,7.9,1.30,18.8,3.76,52.1,220,100,12,-9999,494,131,364,271,157,96,5,42,20,0.6,-6.4,6.3,-5.1,-13.8,-14.2,-13.1,-13.9
GHCND:USC00295084,LOS ALAMOS NM US,20100218,-4321,-4321,-4321,0,0,0,0,0,0,1,-4321,-4321,-4321,0,0,0,0,0,0,4,7,9,12,13,15,18,0.08,5,1.0,0.20,15,3.3,0.51,25,7.9,1.37,19.8,3.84,53.1,221,101,13,-9999,479,129,352,263,157,96,5,42,20,0.7,-6.3,6.4,-5.0,-13.8,-14.2,-13.1,-13.9
GHCND:USC00295084,LOS ALAMOS NM US,20100219,1,-4321,-4321,0,0,0,0,0,0,1,1,-4321,-4321,0,0,0,0,0,0,4,7,9,12,13,14,17,0.08,5,1.0,0.20,15,3.3,0.51,25,7.9,1.45,20.8,3.91,54.1,222,102,13,-9999,465,126,341,255,157,96,5,42,20,0.8,-6.3,6.6,-4.9,-13.8,-14.1,-13.1,-13.9
GHCND:USC00295084,LOS ALAMOS NM US,20100220,1,-4321,-4321,0,0,0,0,0,0,1,1,-4321,-4321,0,0,0,0,0,0,4,6,9,12,13,14,17,0.08,5,1.0,0.20,15,3.3,0.51,25,7.9,1.52,21.8,3.99,55.1,223,103,13,-9999,451,123,329,248,157,96,5,41,20,1.0,-6.3,6.7,-4.8,-13.8,-14.1,-13.1,-13.9
GHCND:USC00295084,LOS ALAMOS NM US,20100221,1,-4321,-4321,0,0,0,0,0,0,1,1,-4321,-4321,0,0,0,0,0,0,4,6,9,12,13,14,17,0.08,5,1.0,0.20,15,3.3,0.51,25,7.6,1.60,22.6,4.06,55.9,224,104,13,-9999,437,121,319,240,157,96,4,41,20,1.1,-6.2,6.9,-4.7,-13.8,-14.1,-13.0,-13.9
GHCND:USC00295084,LOS ALAMOS NM US,20100222,1,-4321,-4321,0,0,0,0,0,0,1,1,-4321,-4321,0,0,0,0,0,0,4,6,9,12,13,14,17,0.08,5,1.0,0.20,15,3.3,0.51,25,7.6,1.68,23.6,4.14,56.9,225,105,13,-9999,423,118,308,233,157,96,4,41,20,1.2,-6.2,7.0,-4.6,-13.8,-14.1,-13.0,-13.9
GHCND:USC00295084,LOS ALAMOS NM US,20100223,1,-4321,-4321,0,0,0,0,0,0,1,1,-4321,-4321,0,0,0,0,0,0,3,6,9,12,13,14,17,0.08,5,1.0,0.20,15,3.3,0.51,25,7.6,1.75,24.4,4.22,57.7,225,106,13,-9999,410,116,298,226,156,96,4,41,20,1.3,-6.1,7.2,-4.5,-13.8,-14.1,-13.0,-13.9
GHCND:USC00295084,LOS ALAMOS NM US,20100224,1,-4321,-4321,0,0,0,0,0,0,1,1,-4321,-4321,0,0,0,0,0,0,3,6,8,11,12,14,17,0.08,5,1.3,0.20,15,3.6,0.53,25,7.6,1.83,25.4,4.29,58.7,225,106,13,-9999,396,113,288,220,156,96,4,41,20,1.5,-6.1,7.3,-4.4,-13.8,-14.1,-13.0,-14.0
GHCND:USC00295084,LOS ALAMOS NM US,20100225,1,-4321,-4321,0,0,0,0,0,0,1,1,-4321,-4321,0,0,0,0,0,0,3,6,8,11,12,14,17,0.08,5,1.3,0.20,15,3.6,0.51,25,7.6,1.90,26.2,4.37,59.4,225,107,14,-9999,382,110,278,212,155,95,4,40,19,1.6,-6.1,7.5,-4.3,-13.8,-14.1,-12.9,-14.0
GHCND:USC00295084,LOS ALAMOS NM US,20100226,1,-4321,-4321,0,0,0,0,0,0,1,1,-4321,-4321,0,0,0,0,0,0,3,6,8,11,12,14,17,0.08,5,1.3,0.20,15,3.6,0.51,25,7.6,1.98,27.2,4.44,60.5,226,107,14,-9999,368,107,268,205,154,95,4,40,19,1.7,-6.0,7.6,-4.2,-13.8,-14.1,-12.9,-14.0
GHCND:USC00295084,LOS ALAMOS NM US,20100227,1,-4321,-4321,0,0,0,0,0,0,1,1,-4321,-4321,0,0,0,0,0,0,3,6,8,11,12,14,17,0.08,5,1.3,0.20,15,3.6,0.51,25,7.6,2.08,27.9,4.55,61.2,226,107,14,-9999,355,104,258,198,153,94,4,39,19,1.8,-5.9,7.8,-4.1,-13.8,-14.1,-12.9,-14.0
GHCND:USC00295084,LOS ALAMOS NM US,20100228,1,-4321,-4321,0,0,0,0,0,0,1,1,-4321,-4321,0,0,0,0,0,0,3,6,8,11,12,13,16,0.08,5,1.3,0.20,15,3.6,0.53,25,7.6,2.16,29.0,4.62,62.2,226,108,14,-9999,341,100,249,191,152,94,4,39,19,2.0,-5.9,7.9,-4.0,-13.8,-14.1,-12.9,-14.0
GHCND:USC00295084,LOS ALAMOS NM US,20100301,1,-4321,-4321,0,0,0,0,0,0,1,1,-4321,-4321,0,0,0,0,0,0,3,6,8,11,12,13,16,0.08,5,1.3,0.20,15,3.6,0.53,25,7.6,0.10,1.0,4.72,63.2,227,108,15,2,316,93,230,177,150,93,4,39,19,2.1,-5.8,8.1,-3.9,-13.8,-14.1,-12.9,-14.1
GHCND:USC00295084,LOS ALAMOS NM US,20100302,1,-4321,-4321,0,0,0,0,0,0,1,1,-4321,-4321,0,0,0,0,0,0,3,5,8,11,12,13,16,0.08,5,1.3,0.20,15,3.6,0.53,25,7.6,0.18,1.8,4.80,64.0,227,109,15,2,304,89,221,170,149,92,4,39,19,2.2,-5.8,8.2,-3.8,-13.8,-14.1,-12.8,-14.1
GHCND:USC00295084,LOS ALAMOS NM US,20100303,1,-4321,-4321,-4321,0,0,0,0,0,1,1,-4321,-4321,-4321,0,0,0,0,0,3,5,8,11,12,13,16,0.08,5,1.3,0.20,15,3.6,0.53,25,7.6,0.28,2.8,4.90,65.0,228,109,15,2,292,85,213,163,147,92,4,39,19,2.3,-5.7,8.4,-3.7,-13.8,-14.1,-12.8,-14.1
GHCND:USC00295084,LOS ALAMOS NM US,20100304,1,-4321,-4321,-4321,0,0,0,0,0,1,1,-4321,-4321,-4321,0,0,0,0,0,3,5,8,11,12,13,16,0.08,5,1.3,0.20,15,3.6,0.53,25,7.6,0.38,3.8,5.00,66.0,228,109,16,2,280,81,204,156,146,91,4,39,19,2.5,-5.6,8.6,-3.6,-13.8,-14.1,-12.8,-14.1
GHCND:USC00295084,LOS ALAMOS NM US,20100305,1,-4321,-4321,-4321,0,0,0,0,0,1,1,-4321,-4321,-4321,0,0,0,0,0,3,5,7,10,11,13,16,0.08,5,1.3,0.20,15,3.6,0.53,25,7.6,0.48,4.6,5.11,66.8,228,109,16,2,269,77,196,149,145,91,4,39,19,2.6,-5.6,8.7,-3.5,-13.8,-14.1,-12.8,-14.1
GHCND:USC00295084,LOS ALAMOS NM US,20100306,1,-4321,-4321,-4321,0,0,0,0,0,1,1,-4321,-4321,-4321,0,0,0,0,0,3,4,7,10,11,13,16,0.08,5,1.3,0.20,15,3.6,0.53,25,7.9,0.58,5.6,5.21,67.8,229,110,16,2,258,74,188,142,143,90,4,39,19,2.7,-5.5,8.8,-3.4,-13.8,-14.1,-12.7,-14.1
GHCND:USC00295084,LOS ALAMOS NM US,20100307,1,-4321,-4321,-4321,0,0,0,0,0,1,1,-4321,-4321,-4321,0,0,0,0,0,3,4,7,10,11,13,16,0.08,5,1.3,0.20,15,3.6,0.53,25,7.9,0.69,6.6,5.31,68.8,229,110,17,2,247,70,180,135,142,90,4,39,19,2.8,-5.4,9.0,-3.3,-13.7,-14.1,-12.7,-14.1
GHCND:USC00295084,LOS ALAMOS NM US,20100308,1,-4321,-4321,-4321,0,0,0,0,0,1,1,-4321,-4321,-4321,0,0,0,0,0,2,4,7,10,11,13,16,0.08,5,1.3,0.20,13,3.8,0.53,25,8.1,0.79,7.4,5.41,69.6,229,110,17,2,236,66,172,129,140,89,4,39,19,2.9,-5.4,9.2,-3.2,-13.7,-14.1,-12.7,-14.1
GHCND:USC00295084,LOS ALAMOS NM US,20100309,1,-4321,-4321,-4321,0,0,0,0,0,1,1,-4321,-4321,-4321,0,0,0,0,0,2,4,7,9,11,12,15,0.08,5,1.3,0.20,13,3.8,0.56,25,8.1,0.89,8.4,5.51,70.6,229,110,17,2,226,62,165,122,139,89,4,39,20,3.1,-5.3,9.3,-3.2,-13.7,-14.1,-12.7,-14.1
GHCND:USC00295084,LOS ALAMOS NM US,20100310,1,1,-4321,-4321,0,0,0,0,0,1,1,1,-4321,-4321,0,0,0,0,0,2,4,7,9,11,12,15,0.08,5,1.3,0.20,13,3.8,0.56,25,8.1,0.97,9.1,5.59,71.4,229,110,17,2,217,59,157,116,138,88,4,39,20,3.2,-5.3,9.4,-3.1,-13.7,-14.1,-12.7,-14.1
GHCND:USC00295084,LOS ALAMOS NM US,20100311,1,1,-4321,-4321,0,0,0,0,0,1,1,1,-4321,-4321,0,0,0,0,0,2,4,7,9,11,12,15,0.08,5,1.3,0.20,13,3.8,0.56,25,8.4,1.07,10.2,5.69,72.4,230,110,18,2,208,55,151,111,137,88,4,39,20,3.3,-5.2,9.6,-3.0,-13.7,-14.1,-12.7,-14.1
GHCND:USC00295084,LOS ALAMOS NM US,20100312,1,1,-4321,-4321,0,0,0,0,0,1,1,1,-4321,-4321,0,0,0,0,0,2,4,7,9,11,12,15,0.08,5,1.3,0.20,13,3.8,0.56,23,8.6,1.17,10.9,5.79,73.2,230,109,18,2,199,52,144,105,136,87,4,39,20,3.4,-5.1,9.8,-2.9,-13.7,-14.1,-12.7,-14.1
GHCND:USC00295084,LOS ALAMOS NM US,20100313,1,1,-4321,-4321,0,0,0,0,0,1,1,1,-4321,-4321,0,0,0,0,0,2,4,7,9,11,12,15,0.08,5,1.3,0.20,13,3.8,0.56,23,8.6,1.27,11.7,5.89,73.9,230,109,18,2,190,48,138,100,135,86,4,39,21,3.6,-5.1,9.9,-2.8,-13.7,-14.1,-12.7,-14.1
GHCND:USC00295084,LOS ALAMOS NM US,20100314,1,1,-4321,-4321,0,0,0,0,0,1,1,1,-4321,-4321,0,0,0,0,0,2,4,7,9,10,12,14,0.08,5,1.3,0.20,13,3.8,0.58,23,8.6,1.37,12.7,5.99,74.9,230,109,18,2,182,45,132,94,133,86,4,39,21,3.7,-5.0,10.1,-2.7,-13.7,-14.1,-12.7,-14.1
GHCND:USC00295084,LOS ALAMOS NM US,20100315,1,1,-4321,-4321,0,0,0,0,0,2,1,1,-4321,-4321,0,0,0,0,0,2,4,6,9,10,12,14,0.08,5,1.3,0.20,13,3.8,0.58,23,8.9,1.47,13.5,6.10,75.7,230,109,19,2,174,41,126,89,132,85,4,39,21,3.8,-4.9,10.2,-2.7,-13.7,-14.1,-12.7,-14.1
GHCND:USC00295084,LOS ALAMOS NM US,20100316,1,1,-4321,-4321,0,0,0,0,0,2,1,1,-4321,-4321,0,0,0,0,0,2,4,6,9,10,12,14,0.08,5,1.3,0.20,13,3.8,0.58,23,8.9,1.57,14.2,6.20,76.5,230,109,19,2,166,38,119,84,130,84,4,39,21,3.9,-4.9,10.3,-2.6,-13.7,-14.1,-12.7,-14.1
GHCND:USC00295084,LOS ALAMOS NM US,20100317,2,1,-4321,-4321,0,0,0,0,0,2,1,1,-4321,-4321,0,0,0,0,0,2,4,6,9,10,12,14,0.08,5,1.3,0.20,13,3.8,0.58,23,8.9,1.68,15.2,6.30,77.5,230,109,19,2,159,35,114,79,128,83,4,39,22,4.0,-4.8,10.5,-2.5,-13.7,-14.1,-12.7,-14.1
GHCND:USC00295084,LOS ALAMOS NM US,20100318,2,1,-4321,-4321,0,0,0,0,0,2,1,1,-4321,-4321,0,0,0,0,0,2,3,6,9,10,12,14,0.08,5,1.3,0.20,13,3.8,0.58,23,8.9,1.78,16.0,6.40,78.2,230,109,19,2,151,32,108,73,126,82,4,39,22,4.1,-4.7,10.7,-2.4,-13.7,-14.1,-12.7,-14.1
GHCND:USC00295084,LOS ALAMOS NM US,20100319,2,1,-4321,-4321,0,0,0,0,0,2,1,1,-4321,-4321,0,0,0,0,0,2,3,6,8,9,11,14,0.08,5,1.3,0.20,13,3.8,0.58,23,9.1,1.88,16.8,6.50,79.0,230,108,20,2,144,29,102,69,123,80,4,38,22,4.2,-4.7,10.8,-2.3,-13.7,-14.1,-12.6,-14.1
GHCND:USC00295084,LOS ALAMOS NM US,20100320,2,1,-4321,-4321,0,0,0,0,0,2,1,1,-4321,-4321,0,0,0,0,0,2,3,6,8,9,11,14,0.08,5,1.3,0.20,13,3.8,0.58,23,9.1,1.98,17.5,6.60,79.8,230,108,20,2,137,26,97,64,121,79,4,38,22,4.3,-4.6,10.9,-2.2,-13.7,-14.1,-12.6,-14.1
GHCND:USC00295084,LOS ALAMOS NM US,20100321,2,1,-4321,-4321,-4321,0,0,0,0,2,1,1,-4321,-4321,-4321,0,0,0,0,2,3,6,8,9,11,14,0.08,5,1.3,0.20,13,3.8,0.61,23,9.1,2.08,18.3,6.71,80.5,229,108,20,2,131,24,92,59,118,77,4,37,22,4.4,-4.6,11.1,-2.2,-13.7,-14.1,-12.6,-14.1
GHCND:USC00295084,LOS ALAMOS NM US,20100322,2,1,-4321,-4321,-4321,0,0,0,0,2,2,1,-4321,-4321,-4321,0,0,0,0,2,3,6,8,9,11,14,0.08,5,1.3,0.20,13,3.8,0.61,23,9.1,2.18,19.1,6.81,81.3,229,107,20,2,124,21,87,55,116,76,4,37,21,4.6,-4.5,11.2,-2.1,-13.7,-14.1,-12.6,-14.1
GHCND:USC00295084,LOS ALAMOS NM US,20100323,2,1,-4321,-4321,-4321,0,0,0,0,2,2,1,-4321,-4321,-4321,0,0,0,0,2,3,6,8,9,11,14,0.08,5,1.3,0.20,13,3.8,0.61,20,9.4,2.29,20.1,6.91,82.3,228,107,20,2,118,19,82,51,113,74,4,36,21,4.7,-4.4,11.3,-2.0,-13.7,-14.1,-12.6,-14.1
GHCND:USC00295084,LOS ALAMOS NM US,20100324,2,1,-4321,-4321,-4321,0,0,0,0,2,2,1,-4321,-4321,-4321,0,0,0,0,2,3,6,8,9,11,13,0.08,5,1.3,0.20,13,3.8,0.61,20,9.4,2.39,20.8,7.01,83.1,228,106,20,2,112,16,77,47,111,73,4,36,21,4.8,-4.4,11.5,-1.9,-13.7,-14.1,-12.6,-14.1
GHCND:USC00295084,LOS ALAMOS NM US,20100325,2,1,-4321,-4321,-4321,0,0,0,0,2,2,1,-4321,-4321,-4321,0,0,0,0,2,3,5,8,9,11,13,0.08,-1692,1.3,0.20,-1692,3.8,0.61,-1692,9.4,2.49,21.6,7.11,83.8,228,106,20,2,107,14,73,44,109,71,4,35,22,4.9,-4.3,11.7,-1.8,-13.7,-14.1,-12.6,-14.1
GHCND:USC00295084,LOS ALAMOS NM US,20100326,2,1,-4321,-4321,-4321,0,0,0,0,2,2,1,-4321,-4321,-4321,0,0,0,0,2,3,5,8,9,11,13,0.08,-1692,1.3,0.20,-1692,3.8,0.61,-1692,9.7,2.59,22.4,7.21,84.6,228,106,20,2,102,13,69,41,107,70,4,35,22,5.1,-4.3,11.8,-1.7,-13.7,-14.2,-12.6,-14.1
GHCND:USC00295084,LOS ALAMOS NM US,20100327,2,1,-4321,-4321,-4321,0,0,0,0,2,2,1,-4321,-4321,-4321,0,0,0,0,1,3,5,8,9,11,13,0.08,-1692,1.3,0.20,-1692,3.8,0.61,-1692,9.7,2.69,23.1,7.32,85.3,228,106,20,2,97,11,65,38,104,69,4,34,22,5.2,-4.2,11.9,-1.6,-13.6,-14.2,-12.6,-14.1
GHCND:USC00295084,LOS ALAMOS NM US,20100328,2,1,-4321,-4321,-4321,0,0,0,0,2,2,1,-4321,-4321,-4321,0,0,0,0,1,3,5,8,8,10,13,0.08,-1692,1.3,0.20,-1692,3.8,0.61,-1692,9.9,2.79,23.9,7.42,86.1,227,105,20,2,92,9,62,35,102,67,4,33,22,5.3,-4.2,12.1,-1.5,-13.6,-14.2,-12.6,-14.1
GHCND:USC00295084,LOS ALAMOS NM US,20100329,2,1,-4321,-4321,-4321,0,0,0,0,2,2,1,-4321,-4321,-4321,0,0,0,0,1,3,5,7,8,10,13,0.08,-1692,1.3,0.20,-1692,3.8,0.64,-1692,9.9,2.90,24.6,7.52,86.9,227,105,20,2,88,8,58,32,100,66,4,32,21,5.4,-4.1,12.2,-1.4,-13.6,-14.2,-12.6,-14.1
GHCND:USC00295084,LOS ALAMOS NM US,20100330,2,1,-4321,-4321,-4321,-4321,0,0,0,2,2,1,-4321,-4321,-4321,-4321,0,0,0,1,3,4,7,8,10,13,0.08,-1692,-169.2,0.20,-1692,-169.2,0.64,-1692,-169.2,2.97,25.1,7.59,87.4,226,105,20,2,83,7,54,29,97,64,4,32,21,5.6,-4.1,12.4,-1.3,-13.6,-14.2,-12.6,-14.1
GHCND:USC00295084,LOS ALAMOS NM US,20100331,2,1,-4321,-4321,-4321,-4321,0,0,0,2,2,1,-4321,-4321,-4321,-4321,0,0,0,1,3,4,7,8,10,13,0.08,-1692,-169.2,0.20,-1692,-169.2,0.64,-1692,-169.2,3.07,25.9,7.70,88.1,225,104,21,2,78,5,51,26,95,62,4,31,21,5.7,-4.1,12.5,-1.2,-13.6,-14.2,-12.6,-14.1
GHCND:USC00295084,LOS ALAMOS NM US,20100401,2,1,1,-4321,-4321,-4321,0,0,0,2,2,1,1,-4321,-4321,-4321,0,0,0,1,2,4,7,8,10,13,0.08,-1692,-169.2,0.20,-1692,-169.2,0.64,-1692,-169.2,0.08,0.5,7.77,88.6,224,103,21,2,74,-9999,47,24,92,61,4,30,20,5.8,-4.0,12.7,-1.1,-13.6,-14.2,-12.6,-14.1
GHCND:USC00295084,LOS ALAMOS NM US,20100402,3,1,1,-4321,-4321,-4321,0,0,0,2,2,1,1,-4321,-4321,-4321,0,0,0,1,2,4,7,8,9,12,0.08,-1692,-169.2,0.20,-1692,-169.2,0.64,-1692,-169.2,0.18,1.0,7.87,89.2,223,103,21,2,69,-9999,44,22,90,59,4,29,19,5.9,-4.0,12.8,-1.0,-13.6,-14.2,-12.6,-14.1
GHCND:USC00295084,LOS ALAMOS NM US,20100403,3,1,1,-4321,-4321,-4321,0,0,0,2,2,1,1,-4321,-4321,-4321,0,0,0,1,2,4,7,8,9,12,0.08,-1692,-169.2,0.20,-1692,-169.2,0.64,-1692,-169.2,0.25,1.5,7.95,89.7,221,102,21,2,65,-9999,41,20,87,57,4,28,19,6.1,-3.9,13.0,-0.8,-13.6,-14.2,-12.6,-14.1
GHCND:USC00295084,LOS ALAMOS NM US,20100404,3,1,1,-4321,-4321,-4321,0,0,0,3,2,1,1,-4321,-4321,-4321,0,0,0,1,2,4,7,8,9,12,0.08,-1692,-169.2,0.20,-1692,-169.2,0.64,-1692,-169.2,0.33,2.0,8.03,90.2,220,102,21,2,61,-9999,38,18,85,55,4,27,18,6.2,-3.9,13.1,-0.7,-13.6,-14.2,-12.6,-14.1
GHCND:USC00295084,LOS ALAMOS NM US,20100405,3,1,1,-4321,-4321,-4321,0,0,0,3,2,1,1,-4321,-4321,-4321,0,0,0,1,2,4,7,8,9,12,0.08,-1692,-169.2,0.20,-1692,-169.2,0.64,-1692,-169.2,0.43,2.5,8.13,90.7,219,101,21,2,58,-9999,35,16,83,54,4,26,18,6.3,-3.9,13.3,-0.6,-13.6,-14.2,-12.6,-14.1
GHCND:USC00295084,LOS ALAMOS NM US,20100406,3,2,1,-4321,-4321,-4321,0,0,0,3,2,2,1,-4321,-4321,-4321,0,0,0,1,2,4,6,7,9,12,0.08,-1692,-169.2,0.20,-1692,-169.2,0.64,-1692,-169.2,0.51,2.8,8.20,90.9,218,101,21,2,54,-9999,33,15,80,52,3,25,17,6.5,-3.8,13.4,-0.5,-13.6,-14.2,-12.6,-14.1
GHCND:USC00295084,LOS ALAMOS NM US,20100407,3,2,1,-4321,-4321,-4321,0,0,0,3,2,2,1,-4321,-4321,-4321,0,0,0,1,2,4,6,7,9,12,0.08,-1692,-169.2,0.20,-1692,-169.2,0.64,-1692,-169.2,0.58,3.3,8.28,91.4,217,101,21,2,51,-9999,30,13,78,50,3,24,16,6.6,-3.8,13.6,-0.3,-13.6,-14.2,-12.6,-14.1
GHCND:USC00295084,LOS ALAMOS NM US,20100408,3,2,1,-4321,-4321,-4321,0,0,0,3,2,2,1,-4321,-4321,-4321,0,0,0,1,2,4,6,7,9,12,0.08,-1692,-169.2,0.20,-1692,-169.2,0.64,-1692,-169.2,0.69,3.8,8.38,91.9,216,100,21,2,47,-9999,28,12,76,48,3,23,16,6.8,-3.8,13.8,-0.2,-13.6,-14.2,-12.6,-14.1
GHCND:USC00295084,LOS ALAMOS NM US,20100409,3,2,1,-4321,-4321,-4321,0,0,0,3,2,2,1,-4321,-4321,-4321,0,0,0,1,2,3,6,7,9,12,0.08,-1692,-169.2,0.20,-1692,-169.2,0.61,-1692,-169.2,0.76,4.3,8.46,92.5,214,100,21,2,44,-9999,26,10,74,47,3,22,15,6.9,-3.8,13.9,-0.1,-13.6,-14.2,-12.6,-14.1
GHCND:USC00295084,LOS ALAMOS NM US,20100410,3,2,1,-4321,-4321,-4321,0,0,0,3,2,2,1,-4321,-4321,-4321,0,0,0,1,2,3,6,7,8,11,0.08,-1692,-169.2,0.20,-1692,-169.2,0.61,-1692,-169.2,0.86,4.8,8.56,93.0,213,99,21,2,41,-9999,24,9,72,45,3,21,14,7.1,-3.7,14.1,0.1,-13.6,-14.2,-12.6,-14.1
GHCND:USC00295084,LOS ALAMOS NM US,20100411,3,2,1,-4321,-4321,-4321,0,0,0,3,3,2,1,-4321,-4321,-4321,0,0,0,1,2,3,6,7,8,11,0.08,-1692,-169.2,0.20,-1692,-169.2,0.61,-1692,-169.2,0.94,5.1,8.64,93.2,212,99,21,2,38,-9999,22,8,69,43,3,20,14,7.2,-3.7,14.3,0.2,-13.6,-14.2,-12.6,-14.1
GHCND:USC00295084,LOS ALAMOS NM US,20100412,4,2,1,-4321,-4321,-4321,0,0,0,3,3,2,1,-4321,-4321,-4321,0,0,0,1,2,3,6,7,8,11,0.08,-1692,-169.2,0.20,-1692,-169.2,0.61,-1692,-169.2,1.04,5.6,8.74,93.7,211,98,21,2,36,-9999,20,7,67,42,3,19,13,7.4,-3.7,14.4,0.3,-13.7,-14.3,-12.7,-14.1
GHCND:USC00295084,LOS ALAMOS NM US,20100413,4,2,1,-4321,-4321,-4321,0,0,0,3,3,2,1,-4321,-4321,-4321,0,0,0,1,2,3,6,6,8,11,0.08,-1692,-169.2,0.20,-1692,-169.2,0.61,-1692,-169.2,1.12,5.8,8.81,94.0,209,98,21,2,33,-9999,19,7,65,40,3,18,12,7.6,-3.7,14.6,0.5,-13.7,-14.3,-12.7,-14.1
GHCND:USC00295084,LOS ALAMOS NM US,20100414,4,2,1,-4321,-4321,-4321,0,0,0,3,3,2,1,-4321,-4321,-4321,0,0,0,1,2,3,5,6,8,11,0.08,-1692,-169.2,0.20,-1692,-169.2,0.61,-1692,-169.2,1.22,6.1,8.92,94.2,208,97,21,3,30,-9999,17,6,62,38,2,16,11,7.7,-3.7,14.8,0.7,-13.7,-14.3,-12.7,-14.1
GHCND:USC00295084,LOS ALAMOS NM US,20100415,4,2,1,-4321,-4321,-4321,0,0,0,3,3,2,1,-4321,-4321,-4321,0,0,0,1,2,3,5,6,8,11,0.08,-1692,-169.2,0.20,-1692,-169.2,0.61,-1692,-169.2,1.30,6.4,8.99,94.5,206,96,21,3,28,0,16,6,60,36,2,15,10,7.9,-3.7,14.9,0.8,-13.7,-14.3,-12.7,-14.1
GHCND:USC00295084,LOS ALAMOS NM US,20100416,4,2,1,-4321,-4321,-4321,0,0,0,3,3,2,1,-4321,-4321,-4321,0,0,0,1,1,3,5,6,8,11,0.08,-1692,-169.2,0.20,-1692,-169.2,0.61,-1692,-169.2,1.37,6.6,9.07,94.7,205,96,21,3,26,0,15,5,58,35,2,14,10,8.1,-3.7,15.1,1.0,-13.7,-14.3,-12.7,-14.1
GHCND:USC00295084,LOS ALAMOS NM US,20100417,4,2,1,-4321,-4321,-4321,-4321,0,0,3,3,2,1,-4321,-4321,-4321,-4321,0,0,1,1,3,5,6,7,10,0.08,-1692,-169.2,0.20,-1692,-169.2,0.58,-1692,-169.2,1.47,6.9,9.17,95.0,204,96,21,3,24,0,14,5,56,33,2,14,9,8.2,-3.7,15.3,1.2,-13.7,-14.3,-12.7,-14.1
GHCND:USC00295084,LOS ALAMOS NM US,20100418,4,2,1,-4321,-4321,-4321,-4321,0,0,3,3,2,1,-4321,-4321,-4321,-4321,0,0,1,1,3,4,6,7,10,0.08,-1692,-169.2,0.20,-1692,-169.2,0.58,-1692,-169.2,1.55,7.1,9.25,95.3,204,95,21,3,22,0,13,4,54,32,2,13,9,8.4,-3.6,15.4,1.3,-13.7,-14.3,-12.7,-14.1
GHCND:USC00295084,LOS ALAMOS NM US,20100419,4,2,1,-4321,-4321,-4321,-4321,0,0,3,3,2,1,-4321,-4321,-4321,-4321,0,0,1,1,2,4,6,7,10,0.08,-1692,-169.2,0.20,-1692,-169.2,0.58,-1692,-169.2,1.63,7.4,9.32,95.5,203,95,21,3,20,0,11,4,53,31,2,12,8,8.6,-3.6,15.6,1.5,-13.7,-14.4,-12.8,-14.1
GHCND:USC00295084,LOS ALAMOS NM US,20100420,4,3,1,-4321,-4321,-4321,-4321,0,0,4,3,3,1,-4321,-4321,-4321,-4321,0,0,1,1,2,4,5,7,9,0.08,-1692,-169.2,0.20,-1692,-169.2,0.58,-1692,-169.2,1.73,7.6,9.42,95.8,202,95,21,3,18,0,10,3,51,29,2,11,7,8.7,-3.6,15.8,1.7,-13.7,-14.4,-12.8,-14.1
GHCND:USC00295084,LOS ALAMOS NM US,20100421,5,3,1,-4321,-4321,-4321,-4321,0,0,4,3,3,1,-4321,-4321,-4321,-4321,0,0,1,1,2,4,5,7,9,0.08,-1692,-169.2,0.20,-1692,-169.2,0.58,-1692,-169.2,1.80,7.9,9.50,96.0,202,95,21,3,17,0,9,3,49,28,2,10,7,8.9,-3.6,16.0,1.8,-13.7,-14.4,-12.8,-14.1
GHCND:USC00295084,LOS ALAMOS NM US,20100422,5,3,1,1,-4321,-4321,-4321,0,0,4,3,3,1,1,-4321,-4321,-4321,0,0,1,1,2,4,5,7,9,0.08,-1692,-169.2,0.23,-1692,-169.2,0.58,-1692,-169.2,1.90,7.9,9.60,96.0,201,95,21,3,15,0,8,2,47,27,2,10,6,9.1,-3.6,16.2,2.0,-13.8,-14.4,-12.8,-14.1
GHCND:USC00295084,LOS ALAMOS NM US,20100423,5,3,1,1,-4321,-4321,-4321,0,0,4,3,3,1,1,-4321,-4321,-4321,0,0,-4321,1,2,4,5,6,9,0.08,-1692,-169.2,0.23,-1692,-169.2,0.58,-1692,-169.2,2.01,8.1,9.70,96.3,201,95,21,3,14,0,7,2,45,26,2,9,5,9.3,-3.6,16.3,2.2,-13.8,-14.4,-12.9,-14.1
GHCND:USC00295084,LOS ALAMOS NM US,20100424,5,3,1,1,-4321,-4321,-4321,0,0,4,3,3,1,1,-4321,-4321,-4321,0,0,-4321,1,2,4,4,6,9,0.08,-1692,-169.2,0.23,-1692,-169.2,0.58,-1692,-169.2,2.08,8.4,9.78,96.5,200,96,21,3,12,0,7,2,43,24,1,8,5,9.4,-3.6,16.5,2.3,-13.8,-14.4,-12.9,-14.1
GHCND:USC00295084,LOS ALAMOS NM US,20100425,6,3,2,1,-4321,-4321,-4321,0,0,4,3,3,2,1,-4321,-4321,-4321,0,0,-4321,1,2,3,4,6,9,0.08,-1692,-169.2,0.23,-1692,-169.2,0.58,-1692,-169.2,2.16,8.4,9.86,96.5,200,96,21,3,11,0,6,1,41,23,1,7,4,9.6,-3.6,16.7,2.6,-13.8,-14.5,-12.9,-14.1
GHCND:USC00295084,LOS ALAMOS NM US,20100426,6,3,2,1,-4321,-4321,-4321,0,0,4,3,3,2,1,-4321,-4321,-4321,0,0,-4321,1,2,3,4,6,8,0.08,-1692,-169.2,0.23,-1692,-169.2,0.58,-1692,-169.2,2.26,8.6,9.96,96.8,200,97,21,3,10,0,5,1,39,22,1,6,4,9.8,-3.6,16.8,2.7,-13.8,-14.5,-13.0,-14.1
GHCND:USC00295084,LOS ALAMOS NM US,20100427,6,3,2,1,-4321,-4321,-4321,0,0,4,4,3,2,1,-4321,-4321,-4321,0,0,-4321,1,2,3,4,6,8,0.08,-1692,-169.2,0.23,-1692,-169.2,0.58,-1692,-169.2,2.34,8.9,10.03,97.0,200,97,21,3,8,0,4,1,37,21,1,6,3,9.9,-3.6,17.0,2.9,-13.8,-14.5,-13.0,-14.1
GHCND:USC00295084,LOS ALAMOS NM US,20100428,6,3,2,1,1,-4321,-4321,0,0,4,4,3,2,1,1,-4321,-4321,0,0,-4321,1,2,3,4,6,8,0.08,-1692,-169.2,0.23,-1692,-169.2,0.58,-1692,-169.2,2.41,8.9,10.11,97.0,201,98,21,3,7,0,4,0,36,19,1,5,3,10.1,-3.7,17.2,3.1,-13.9,-14.6,-13.1,-14.2
GHCND:USC00295084,LOS ALAMOS NM US,20100429,6,4,2,1,1,-4321,-4321,0,0,4,4,4,2,1,1,-4321,-4321,0,0,-4321,1,2,3,4,6,8,0.08,-1692,-169.2,0.23,-1692,-169.2,0.58,-1692,-169.2,2.51,9.1,10.21,97.3,202,99,21,3,7,0,3,0,34,18,1,5,3,10.3,-3.7,17.4,3.2,-13.9,-14.6,-13.1,-14.2
GHCND:USC00295084,LOS ALAMOS NM US,20100430,6,4,2,1,1,-4321,-4321,0,0,4,4,4,2,1,1,-4321,-4321,0,0,-4321,1,2,3,4,5,8,0.08,-1692,-169.2,0.23,-1692,-169.2,0.58,-1692,-169.2,2.59,9.1,10.29,97.3,204,100,21,3,6,0,3,0,32,17,1,4,2,10.5,-3.7,17.6,3.4,-13.9,-14.6,-13.1,-14.2
GHCND:USC00295084,LOS ALAMOS NM US,20100501,6,4,2,1,1,-4321,-4321,0,0,4,4,4,2,1,1,-4321,-4321,0,0,-4321,1,1,3,4,5,8,0.08,-1692,-169.2,0.23,-1692,-169.2,0.58,-1692,-169.2,0.10,0.0,10.39,97.3,205,101,21,3,5,0,-9999,0,31,16,-9999,-9999,-9999,10.7,-3.7,17.7,3.6,-13.9,-14.6,-13.1,-14.2
GHCND:USC00295084,LOS ALAMOS NM US,20100502,7,4,2,1,1,-4321,-4321,0,0,4,4,4,2,1,1,-4321,-4321,0,0,-4321,1,1,3,3,5,8,0.08,-1692,-169.2,0.23,-1692,-169.2,0.58,-1692,-169.2,0.20,0.3,10.49,97.5,207,102,21,3,5,0,-9999,0,29,16,-9999,-9999,-9999,10.8,-3.7,17.9,3.8,-13.9,-14.6,-13.2,-14.2
GHCND:USC00295084,LOS ALAMOS NM US,20100503,7,4,2,1,1,-4321,-4321,0,0,4,4,4,2,1,1,-4321,-4321,0,0,-4321,1,1,3,3,4,7,0.08,-1692,-169.2,0.23,-1692,-169.2,0.58,-1692,-169.2,0.28,0.3,10.57,97.5,209,103,21,3,4,0,-9999,0,28,15,-9999,-9999,-9999,11.0,-3.7,18.1,3.9,-13.9,-14.6,-13.2,-14.2
GHCND:USC00295084,LOS ALAMOS NM US,20100504,7,4,2,1,1,-4321,-4321,0,0,5,4,4,2,1,1,-4321,-4321,0,0,-4321,1,1,2,3,4,7,0.08,-1692,-169.2,0.23,-1692,-169.2,0.58,-1692,-169.2,0.38,0.3,10.67,97.5,210,104,21,2,4,0,-9999,0,26,14,-9999,-9999,-9999,11.2,-3.7,18.2,4.1,-14.0,-14.6,-13.2,-14.2
GHCND:USC00295084,LOS ALAMOS NM US,20100505,7,4,2,1,1,-4321,-4321,0,0,5,4,4,2,1,1,-4321,-4321,0,0,-4321,1,1,2,3,4,7,0.08,-1692,-169.2,0.23,-1692,-169.2,0.58,-1692,-169.2,0.48,0.3,10.77,97.5,212,105,21,2,3,0,-9999,0,25,13,-9999,-9999,-9999,11.3,-3.7,18.4,4.3,-14.0,-14.6,-13.2,-14.2
GHCND:USC00295084,LOS ALAMOS NM US,20100506,7,4,2,1,1,-4321,-4321,0,0,5,4,4,2,1,1,-4321,-4321,0,0,-4321,1,1,2,3,4,7,0.08,-1692,-169.2,0.23,-1692,-169.2,0.56,-1692,-169.2,0.58,0.5,10.87,97.8,214,106,21,2,3,0,-9999,0,23,12,-9999,-9999,-9999,11.6,-3.7,18.6,4.5,-14.0,-14.6,-13.2,-14.2
GHCND:USC00295084,LOS ALAMOS NM US,20100507,7,5,3,1,1,-4321,-4321,0,0,5,4,5,3,1,1,-4321,-4321,0,0,-4321,-4321,1,2,3,4,7,0.08,-1692,-169.2,0.23,-1692,-169.2,0.56,-1692,-169.2,0.69,0.5,10.97,97.8,215,107,21,2,3,0,-9999,0,21,11,-9999,-9999,-9999,11.7,-3.7,18.7,4.7,-14.0,-14.6,-13.2,-14.2
GHCND:USC00295084,LOS ALAMOS NM US,20100508,7,5,3,1,1,-4321,-4321,0,0,5,4,5,3,1,1,-4321,-4321,0,0,-4321,-4321,1,2,3,4,7,0.08,-1692,-169.2,0.23,-1692,-169.2,0.56,-1692,-169.2,0.81,0.5,11.10,97.8,218,108,21,2,2,0,-9999,0,20,11,-9999,-9999,-9999,11.9,-3.7,18.9,4.8,-14.0,-14.6,-13.2,-14.2
GHCND:USC00295084,LOS ALAMOS NM US,20100509,8,5,3,1,1,1,-4321,0,0,5,4,5,3,1,1,1,-4321,0,0,-4321,-4321,1,2,3,4,6,0.08,-1692,-169.2,0.23,-1692,-169.2,0.56,-1692,-169.2,0.91,0.5,11.20,97.8,220,109,21,2,2,0,-9999,0,18,10,0,-9999,-9999,12.1,-3.7,19.1,5.0,-14.0,-14.6,-13.2,-14.2
GHCND:USC00295084,LOS ALAMOS NM US,20100510,8,5,3,1,1,1,-4321,0,0,6,4,5,3,1,1,1,-4321,0,0,-4321,-4321,1,2,2,4,6,0.08,-1692,-169.2,0.23,-1692,-169.2,0.56,-1692,-169.2,1.04,0.5,11.33,97.8,222,111,21,2,2,0,-9999,0,17,9,0,-9999,0,12.2,-3.7,19.2,5.2,-14.1,-14.6,-13.3,-14.2
GHCND:USC00295084,LOS ALAMOS NM US,20100511,8,6,3,1,1,1,-4321,-4321,0,6,5,6,3,1,1,1,-4321,-4321,0,-4321,-4321,1,2,2,3,6,0.08,-1692,-169.2,0.23,-1692,-169.2,0.56,-1692,-169.2,1.14,0.5,11.43,97.8,225,112,22,2,2,0,-9999,0,16,8,0,-9999,0,12.4,-3.7,19.4,5.4,-14.1,-14.6,-13.3,-14.2
GHCND:USC00295084,LOS ALAMOS NM US,20100512,8,6,3,1,1,1,-4321,-4321,0,6,5,6,3,1,1,1,-4321,-4321,0,-4321,-4321,1,2,2,3,6,0.08,-1692,-169.2,0.23,-1692,-169.2,0.56,-1692,-169.2,1.27,0.5,11.56,97.8,228,114,22,2,1,0,-9999,0,14,8,0,-9999,0,12.6,-3.7,19.6,5.6,-14.1,-14.7,-13.3,-14.3
GHCND:USC00295084,LOS ALAMOS NM US,20100513,8,6,3,2,1,1,-4321,-4321,0,6,5,6,3,2,1,1,-4321,-4321,0,-4321,-4321,1,2,2,3,6,0.08,-1692,-169.2,0.23,-1692,-169.2,0.56,-1692,-169.2,1.37,0.8,11.66,98.0,231,115,22,2,1,0,-9999,0,13,7,0,-9999,0,12.7,-3.8,19.7,5.7,-14.1,-14.7,-13.3,-14.3
GHCND:USC00295084,LOS ALAMOS NM US,20100514,8,6,3,2,1,1,-4321,-4321,0,6,5,6,3,2,1,1,-4321,-4321,0,-4321,-4321,1,2,2,3,6,0.08,-1692,-169.2,0.23,-1692,-169.2,0.56,-1692,-169.2,1.50,0.8,11.79,98.0,234,117,23,2,1,0,0,0,12,7,0,-9999,0,12.9,-3.8,19.9,5.9,-14.1,-14.7,-13.3,-14.3
GHCND:USC00295084,LOS ALAMOS NM US,20100515,9,6,3,2,1,1,-4321,-4321,0,6,5,6,3,2,1,1,-4321,-4321,0,-4321,-4321,1,1,2,3,6,0.08,-1692,-169.2,0.23,-1692,-169.2,0.56,-1692,-169.2,1.63,0.8,11.91,98.0,237,118,23,2,1,0,0,0,11,6,0,-9999,0,13.1,-3.8,20.1,6.1,-14.1,-14.7,-13.3,-14.3
GHCND:USC00295084,LOS ALAMOS NM US,20100516,9,6,4,2,1,1,-4321,-4321,-4321,6,5,6,4,2,1,1,-4321,-4321,-4321,-4321,-4321,1,1,2,3,5,0.08,-1692,-169.2,0.25,-1692,-169.2,0.58,-1692,-169.2,1.73,0.8,12.01,98.0,239,119,23,3,1,0,0,0,10,6,0,0,0,13.2,-3.8,20.2,6.2,-14.1,-14.7,-13.3,-14.3
GHCND:USC00295084,LOS ALAMOS NM US,20100517,9,6,4,2,1,1,-4321,-4321,-4321,6,6,6,4,2,1,1,-4321,-4321,-4321,-4321,-4321,1,1,2,3,5,0.08,-1692,-169.2,0.25,-1692,-169.2,0.58,-1692,-169.2,1.85,0.8,12.14,98.0,241,120,23,3,1,0,0,0,9,5,0,0,0,13.4,-3.8,20.4,6.4,-14.1,-14.7,-13.4,-14.3
GHCND:USC00295084,LOS ALAMOS NM US,20100518,9,7,4,2,1,1,-4321,-4321,-4321,6,6,7,4,2,1,1,-4321,-4321,-4321,-4321,-4321,1,1,2,3,5,0.08,-1692,-169.2,0.25,-1692,-169.2,0.58,-1692,-169.2,1.96,0.8,12.24,98.0,243,122,24,3,1,0,0,0,8,4,0,0,0,13.6,-3.8,20.6,6.6,-14.1,-14.7,-13.4,-14.3
GHCND:USC00295084,LOS ALAMOS NM US,20100519,9,7,4,2,2,1,-4321,-4321,-4321,6,6,7,4,2,2,1,-4321,-4321,-4321,-4321,-4321,1,1,2,3,5,0.08,-1692,-169.2,0.25,-1692,-169.2,0.58,-1692,-169.2,2.08,0.8,12.37,98.0,245,122,24,3,1,0,0,0,7,4,0,0,0,13.8,-3.8,20.8,6.7,-14.2,-14.7,-13.4,-14.3
GHCND:USC00295084,LOS ALAMOS NM US,20100520,9,7,4,2,2,1,-4321,-4321,-4321,6,6,7,4,2,2,1,-4321,-4321,-4321,-4321,-4321,1,1,2,2,4,0.08,-1692,-169.2,0.23,-1692,-169.2,0.58,-1692,-169.2,2.18,0.8,12.47,98.0,247,123,24,3,1,0,0,0,6,3,0,0,0,13.9,-3.8,20.9,6.9,-14.2,-14.8,-13.4,-14.4
GHCND:USC00295084,LOS ALAMOS NM US,20100521,9,7,4,2,2,1,-4321,-4321,-4321,7,6,7,4,2,2,1,-4321,-4321,-4321,-4321,-4321,-4321,1,1,2,4,0.08,-9999,-169.2,0.23,-9999,-169.2,0.58,-9999,-169.2,2.31,0.8,12.60,98.0,249,124,24,3,0,0,0,0,5,3,0,0,0,14.1,-3.8,21.1,7.1,-14.2,-14.8,-13.4,-14.4
GHCND:USC00295084,LOS ALAMOS NM US,20100522,10,7,4,2,2,1,-4321,-4321,-4321,7,6,7,4,2,2,1,-4321,-4321,-4321,-4321,-4321,-4321,1,1,2,4,0.08,-9999,-169.2,0.23,-9999,-169.2,0.58,-9999,-169.2,2.44,0.8,12.73,98.0,251,124,24,3,0,0,0,0,5,3,0,0,0,14.3,-3.8,21.3,7.3,-14.2,-14.8,-13.4,-14.4
GHCND:USC00295084,LOS ALAMOS NM US,20100523,10,7,4,2,2,1,-4321,-4321,-4321,7,6,7,4,2,2,1,-4321,-4321,-4321,-4321,-4321,-4321,1,1,2,4,0.08,-9999,-169.2,0.23,-9999,-169.2,0.58,-9999,-169.2,2.54,0.8,12.83,98.0,253,124,25,3,0,0,0,0,4,2,0,0,0,14.4,-3.7,21.4,7.4,-14.2,-14.8,-13.4,-14.4
GHCND:USC00295084,LOS ALAMOS NM US,20100524,10,7,5,3,2,1,-4321,-4321,-4321,7,6,7,5,3,2,1,-4321,-4321,-4321,-4321,-4321,-4321,1,1,2,4,0.08,-9999,-169.2,0.23,-9999,-169.2,0.58,-9999,-169.2,2.67,0.8,12.95,98.0,254,124,25,3,0,0,0,0,4,2,0,0,0,14.6,-3.7,21.7,7.6,-14.2,-14.8,-13.4,-14.4
GHCND:USC00295084,LOS ALAMOS NM US,20100525,11,8,5,3,2,1,1,-4321,-4321,7,6,8,5,3,2,1,1,-4321,-4321,0,-4321,-4321,1,1,2,4,0.08,-9999,-169.2,0.23,-9999,-169.2,0.58,-9999,-169.2,2.79,0.8,13.08,98.0,255,124,25,4,0,0,0,0,3,2,0,0,0,14.8,-3.7,21.8,7.8,-14.2,-14.8,-13.4,-14.4
GHCND:USC00295084,LOS ALAMOS NM US,20100526,11,8,5,3,2,1,1,-4321,-4321,7,6,8,5,3,2,1,1,-4321,-4321,0,-4321,-4321,1,1,2,4,0.08,-9999,-169.2,0.23,-9999,-169.2,0.56,-9999,-169.2,2.92,0.8,13.21,98.0,256,124,25,4,0,0,0,0,3,1,0,0,0,15.0,-3.7,22.0,7.9,-14.2,-14.8,-13.5,-14.4
GHCND:USC00295084,LOS ALAMOS NM US,20100527,11,8,6,3,2,1,1,-4321,-4321,7,6,8,6,3,2,1,1,-4321,-4321,0,-4321,-4321,1,1,2,3,0.08,-9999,-169.2,0.23,-9999,-169.2,0.56,-9999,-169.2,3.07,0.8,13.36,98.0,256,123,25,4,0,0,0,0,2,1,0,0,0,15.2,-3.7,22.2,8.1,-14.2,-14.9,-13.5,-14.4
GHCND:USC00295084,LOS ALAMOS NM US,20100528,11,8,6,3,2,1,1,-4321,-4321,7,7,8,6,3,2,1,1,-4321,-4321,0,-4321,-4321,1,1,2,3,0.08,-9999,-169.2,0.23,-9999,-169.2,0.56,-9999,-169.2,3.20,0.8,13.49,98.0,257,123,26,4,0,0,0,0,2,1,0,0,0,15.3,-3.7,22.4,8.3,-14.2,-14.9,-13.5,-14.4
GHCND:USC00295084,LOS ALAMOS NM US,20100529,11,8,6,3,2,1,1,-4321,-4321,7,7,8,6,3,2,1,1,-4321,-4321,0,-4321,-4321,1,1,2,3,0.08,-9999,-169.2,0.23,-9999,-169.2,0.56,-9999,-169.2,3.35,0.8,13.64,98.0,257,122,26,4,0,0,0,0,2,1,0,0,0,15.5,-3.7,22.6,8.4,-14.2,-14.9,-13.5,-14.5
GHCND:USC00295084,LOS ALAMOS NM US,20100530,11,8,6,3,3,2,1,-4321,-4321,7,7,8,6,3,3,2,1,-4321,-4321,0,-4321,-4321,1,1,1,3,0.08,-9999,-169.2,0.20,-9999,-169.2,0.56,-9999,-169.2,3.48,0.8,13.77,98.0,257,121,26,4,0,0,0,0,1,1,0,0,0,15.7,-3.7,22.7,8.6,-14.3,-14.9,-13.6,-14.5
GHCND:USC00295084,LOS ALAMOS NM US,20100531,12,9,6,3,3,2,1,-4321,-4321,8,7,9,6,3,3,2,1,-4321,-4321,0,-4321,-4321,1,1,1,3,0.08,-9999,-169.2,0.20,-9999,-169.2,0.56,-9999,-169.2,3.61,0.8,13.89,98.0,258,121,26,5,0,0,0,0,1,1,0,0,0,15.9,-3.7,22.9,8.8,-14.3,-14.9,-13.6,-14.5
GHCND:USC00295084,LOS ALAMOS NM US,20100601,12,9,6,4,3,2,1,-4321,-4321,8,7,9,6,4,3,2,1,-4321,-4321,0,-4321,-4321,1,1,1,3,0.08,-9999,-169.2,0.20,-9999,-169.2,0.56,-9999,-169.2,0.13,0.0,14.02,98.0,259,120,26,5,0,0,0,0,-9999,-9999,0,0,0,16.1,-3.6,23.1,9.0,-14.3,-14.9,-13.6,-14.6
GHCND:USC00295084,LOS ALAMOS NM US,20100602,12,9,6,4,3,2,1,-4321,-4321,8,7,9,6,4,3,2,1,-4321,-4321,0,-4321,-4321,1,1,1,3,0.08,-9999,-169.2,0.20,-9999,-169.2,0.56,-9999,-169.2,0.25,0.0,14.15,98.0,259,120,27,5,0,0,0,0,-9999,-9999,0,0,0,16.2,-3.6,23.3,9.2,-14.3,-15.0,-13.6,-14.6
GHCND:USC00295084,LOS ALAMOS NM US,20100603,12,9,7,4,3,2,1,-4321,-4321,8,7,9,7,4,3,2,1,-4321,-4321,0,-4321,-4321,1,1,1,3,0.08,-9999,-169.2,0.20,-9999,-169.2,0.56,-9999,-169.2,0.38,0.0,14.27,98.0,260,120,27,5,0,0,0,0,-9999,-9999,0,0,0,16.4,-3.6,23.5,9.3,-14.4,-15.0,-13.7,-14.6
GHCND:USC00295084,LOS ALAMOS NM US,20100604,12,9,7,4,3,2,1,-4321,-4321,8,7,9,7,4,3,2,1,-4321,-4321,0,-4321,-4321,-4321,1,1,2,0.08,-9999,-169.2,0.20,-9999,-169.2,0.56,-9999,-169.2,0.51,0.0,14.40,98.0,261,120,27,5,0,0,0,0,-9999,0,0,0,0,16.6,-3.6,23.7,9.5,-14.4,-15.1,-13.7,-14.6
GHCND:USC00295084,LOS ALAMOS NM US,20100605,12,9,7,4,3,2,1,-4321,-4321,8,7,9,7,4,3,2,1,-4321,-4321,0,-4321,-4321,-4321,1,1,2,0.08,-9999,-9999,0.20,-9999,-9999,0.56,-9999,-9999,0.64,0.0,14.53,98.0,262,119,28,5,0,0,0,0,0,0,0,0,0,16.8,-3.6,23.9,9.7,-14.4,-15.1,-13.8,-14.6
GHCND:USC00295084,LOS ALAMOS NM US,20100606,13,10,7,4,3,2,1,-4321,-4321,8,8,10,7,4,3,2,1,-4321,-4321,0,-4321,-4321,-4321,1,1,2,0.08,-9999,-9999,0.20,-9999,-9999,0.56,-9999,-9999,0.74,0.0,14.63,98.0,262,119,28,6,0,0,0,0,0,0,0,0,0,16.9,-3.6,24.1,9.8,-14.4,-15.1,-13.8,-14.7
GHCND:USC00295084,LOS ALAMOS NM US,20100607,13,10,7,4,3,2,1,-4321,-4321,8,8,10,7,4,3,2,1,-4321,-4321,0,-4321,-4321,-4321,1,1,2,0.08,-9999,-9999,0.20,-9999,-9999,0.56,-9999,-9999,0.86,0.0,14.76,98.0,263,119,28,6,0,0,0,0,0,0,0,0,0,17.1,-3.5,24.3,10.0,-14.5,-15.1,-13.8,-14.7
GHCND:USC00295084,LOS ALAMOS NM US,20100608,13,10,7,4,4,2,1,-4321,-4321,9,8,10,7,4,4,2,1,-4321,-4321,0,0,-4321,-4321,1,1,2,0.08,-9999,-9999,0.20,-9999,-9999,0.56,-9999,-9999,0.99,0.0,14.88,98.0,264,119,29,6,0,0,0,0,0,0,0,0,0,17.3,-3.5,24.4,10.2,-14.5,-15.1,-13.9,-14.7
GHCND:USC00295084,LOS ALAMOS NM US,20100609,13,10,7,5,4,3,1,-4321,-4321,9,8,10,7,5,4,3,1,-4321,-4321,0,0,-4321,-4321,-4321,1,2,0.08,-9999,-9999,0.20,-9999,-9999,0.56,-9999,-9999,1.09,0.0,14.99,98.0,264,120,29,6,0,0,0,0,0,0,0,0,0,17.5,-3.4,24.7,10.3,-14.6,-15.2,-13.9,-14.7
GHCND:USC00295084,LOS ALAMOS NM US,20100610,13,11,8,5,4,3,1,-4321,-4321,9,8,11,8,5,4,3,1,-4321,-4321,0,0,-4321,-4321,-4321,1,2,0.08,-9999,-9999,0.20,-9999,-9999,0.56,-9999,-9999,1.22,0.0,15.11,98.0,265,120,29,6,0,0,0,0,0,0,0,0,0,17.7,-3.4,24.8,10.5,-14.6,-15.2,-13.9,-14.8
GHCND:USC00295084,LOS ALAMOS NM US,20100611,13,11,8,5,4,3,1,-4321,-4321,9,8,11,8,5,4,3,1,-4321,-4321,0,0,-4321,-4321,-4321,1,2,0.08,-9999,-9999,0.20,-9999,-9999,0.56,-9999,-9999,1.32,0.0,15.21,98.0,266,120,29,6,0,0,0,0,0,0,0,0,0,17.8,-3.4,25.0,10.7,-14.6,-15.2,-14.0,-14.8
GHCND:USC00295084,LOS ALAMOS NM US,20100612,13,11,8,6,4,3,1,-4321,-4321,9,8,11,8,6,4,3,1,-4321,-4321,0,0,-4321,-4321,-4321,1,2,0.08,-9999,-9999,0.20,-9999,-9999,0.56,-9999,-9999,1.45,0.0,15.34,98.0,267,120,30,6,0,0,0,0,0,0,0,0,0,18.0,-3.4,25.2,10.8,-14.7,-15.2,-14.1,-14.8
GHCND:USC00295084,LOS ALAMOS NM US,20100613,14,11,8,6,4,3,1,-4321,-4321,9,8,11,8,6,4,3,1,-4321,-4321,0,0,-4321,-4321,-4321,1,2,0.08,-9999,-9999,0.20,-9999,-9999,0.56,-9999,-9999,1.55,0.0,15.44,98.0,268,121,30,6,0,0,0,0,0,0,0,0,0,18.2,-3.4,25.4,11.0,-14.7,-15.2,-14.1,-14.8
GHCND:USC00295084,LOS ALAMOS NM US,20100614,14,11,8,6,4,3,1,-4321,-4321,9,9,11,8,6,4,3,1,-4321,-4321,0,0,-4321,-4321,-4321,1,1,0.08,-9999,-9999,0.20,-9999,-9999,0.56,-9999,-9999,1.68,0.0,15.57,98.0,270,121,30,6,0,0,0,0,0,0,0,0,0,18.3,-3.4,25.6,11.1,-14.7,-15.2,-14.1,-14.9
GHCND:USC00295084,LOS ALAMOS NM US,20100615,14,11,8,6,4,3,1,-4321,-4321,9,9,11,8,6,4,3,1,-4321,-4321,0,0,-4321,-4321,-4321,1,1,0.08,-9999,-9999,0.20,-9999,-9999,0.56,-9999,-9999,1.80,0.0,15.70,98.0,272,122,31,6,0,0,0,0,0,0,0,0,0,18.5,-3.3,25.7,11.3,-14.8,-15.2,-14.2,-14.9
GHCND:USC00295084,LOS ALAMOS NM US,20100616,14,12,9,6,5,3,1,-4321,-4321,10,9,12,9,6,5,3,1,-4321,-4321,0,0,-4321,-4321,-4321,-4321,1,0.08,-9999,-9999,0.20,-9999,-9999,0.56,-9999,-9999,1.93,0.0,15.82,98.0,275,123,31,6,0,0,0,0,0,0,0,0,0,18.7,-3.3,25.9,11.4,-14.8,-15.2,-14.2,-14.9
GHCND:USC00295084,LOS ALAMOS NM US,20100617,14,12,9,6,5,3,2,-4321,-4321,10,9,12,9,6,5,3,2,-4321,-4321,0,0,0,-4321,-4321,-4321,1,0.08,-9999,-9999,0.18,-9999,-9999,0.56,-9999,-9999,2.06,0.0,15.95,98.0,277,124,31,6,0,0,0,0,0,0,0,0,0,18.8,-3.3,26.1,11.6,-14.8,-15.2,-14.2,-15.0
GHCND:USC00295084,LOS ALAMOS NM US,20100618,14,12,9,6,5,3,2,1,-4321,10,9,12,9,6,5,3,2,1,-4321,0,0,0,-4321,-4321,-4321,1,0.08,-9999,-9999,0.18,-9999,-9999,0.56,-9999,-9999,2.18,0.0,16.08,98.0,280,125,32,6,0,0,0,0,0,0,0,0,0,18.9,-3.3,26.2,11.7,-14.9,-15.2,-14.2,-15.1
GHCND:USC00295084,LOS ALAMOS NM US,20100619,14,12,9,6,5,4,2,1,-4321,10,9,12,9,6,5,4,2,1,-4321,0,0,0,-4321,-4321,-4321,1,0.08,-9999,-9999,0.18,-9999,-9999,0.56,-9999,-9999,2.31,0.0,16.21,98.0,283,127,32,6,0,0,0,0,0,0,0,0,0,19.1,-3.3,26.3,11.8,-14.9,-15.2,-14.3,-15.1
GHCND:USC00295084,LOS ALAMOS NM US,20100620,15,12,9,7,6,4,2,1,-4321,11,9,12,9,7,6,4,2,1,-4321,0,0,0,-4321,-4321,-4321,1,0.08,-9999,-9999,0.20,-9999,-9999,0.58,-9999,-9999,2.44,0.0,16.33,98.0,286,129,33,6,0,0,0,0,0,0,0,0,0,19.2,-3.3,26.5,12.0,-14.9,-15.2,-14.3,-15.1
GHCND:USC00295084,LOS ALAMOS NM US,20100621,15,12,9,7,6,4,2,1,-4321,11,9,12,9,7,6,4,2,1,-4321,0,0,0,-4321,-4321,-4321,1,0.08,-9999,-9999,0.20,-9999,-9999,0.58,-9999,-9999,2.59,0.0,16.48,98.0,290,131,33,6,0,0,0,0,0,0,0,0,0,19.3,-3.3,26.6,12.1,-15.0,-15.2,-14.3,-15.2
GHCND:USC00295084,LOS ALAMOS NM US,20100622,15,12,9,7,6,4,2,1,-4321,11,9,12,9,7,6,4,2,1,-4321,0,0,0,-4321,-4321,-4321,1,0.08,-9999,-9999,0.20,-9999,-9999,0.58,-9999,-9999,2.72,0.0,16.61,98.0,295,134,34,6,0,0,0,0,0,0,0,0,0,19.5,-3.3,26.7,12.2,-15.1,-15.2,-14.4,-15.2
GHCND:USC00295084,LOS ALAMOS NM US,20100623,15,12,9,7,6,4,2,1,-4321,11,9,12,9,7,6,4,2,1,-4321,0,0,0,-4321,-4321,-4321,1,0.08,-9999,-9999,0.20,-9999,-9999,0.58,-9999,-9999,2.84,0.0,16.74,98.0,299,137,34,6,0,0,0,0,0,0,0,0,0,19.6,-3.3,26.8,12.3,-15.1,-15.2,-14.4,-15.2
GHCND:USC00295084,LOS ALAMOS NM US,20100624,15,12,9,7,6,4,2,1,-4321,11,9,12,9,7,6,4,2,1,-4321,0,0,0,-4321,-4321,-4321,1,0.08,-9999,-9999,0.20,-9999,-9999,0.58,-9999,-9999,3.00,0.0,16.89,98.0,305,140,35,6,0,0,0,0,0,0,0,0,0,19.7,-3.3,26.9,12.4,-15.1,-15.2,-14.4,-15.3
GHCND:USC00295084,LOS ALAMOS NM US,20100625,16,13,10,7,6,4,2,1,-4321,11,10,13,10,7,6,4,2,1,-4321,0,0,0,-4321,-4321,-4321,1,0.08,-9999,-9999,0.20,-9999,-9999,0.58,-9999,-9999,3.15,0.0,17.04,98.0,310,143,35,6,0,0,0,0,0,0,0,0,0,19.8,-3.3,27.1,12.6,-15.2,-15.2,-14.4,-15.3
GHCND:USC00295084,LOS ALAMOS NM US,20100626,16,13,10,7,6,4,2,1,-4321,11,10,13,10,7,6,4,2,1,-4321,0,0,0,-4321,-4321,-4321,1,0.08,-9999,-9999,0.20,-9999,-9999,0.58,-9999,-9999,3.28,0.0,17.17,98.0,316,146,36,6,0,0,0,0,0,0,0,0,0,19.9,-3.3,27.2,12.7,-15.2,-15.2,-14.5,-15.4
GHCND:USC00295084,LOS ALAMOS NM US,20100627,16,13,10,7,6,4,2,1,-4321,11,10,13,10,7,6,4,2,1,-4321,0,0,0,-4321,-4321,-4321,1,0.08,-9999,-9999,0.20,-9999,-9999,0.61,-9999,-9999,3.43,0.0,17.32,98.0,321,149,37,6,0,0,0,0,0,0,0,0,0,20.0,-3.3,27.3,12.7,-15.2,-15.2,-14.5,-15.4
GHCND:USC00295084,LOS ALAMOS NM US,20100628,16,13,10,7,6,4,2,1,-4321,11,10,13,10,7,6,4,2,1,-4321,0,0,0,-4321,-4321,-4321,1,0.08,-9999,-9999,0.20,-9999,-9999,0.61,-9999,-9999,3.56,0.0,17.45,98.0,327,153,38,6,0,0,0,0,0,0,0,0,0,20.1,-3.3,27.3,12.8,-15.3,-15.2,-14.6,-15.4
GHCND:USC00295084,LOS ALAMOS NM US,20100629,16,13,10,7,6,4,2,1,-4321,11,10,13,10,7,6,4,2,1,-4321,0,0,0,-4321,-4321,-4321,1,0.08,-9999,-9999,0.20,-9999,-9999,0.64,-9999,-9999,3.71,0.0,17.60,98.0,332,157,38,6,0,0,0,0,0,0,0,0,0,20.2,-3.3,27.4,12.9,-15.3,-15.2,-14.6,-15.5
GHCND:USC00295084,LOS ALAMOS NM US,20100630,16,13,10,7,6,4,2,1,-4321,11,10,13,10,7,6,4,2,1,-4321,0,0,0,-4321,-4321,-4321,1,0.08,-9999,-9999,0.20,-9999,-9999,0.64,-9999,-9999,3.86,0.0,17.75,98.0,337,160,39,7,0,0,0,0,0,0,0,0,0,20.2,-3.3,27.4,13.0,-15.3,-15.2,-14.6,-15.5
GHCND:USC00295084,LOS ALAMOS NM US,20100701,16,13,11,8,7,5,2,1,-4321,11,10,13,11,8,7,5,2,1,-4321,0,0,0,-4321,-4321,-4321,1,0.08,-9999,-9999,0.23,-9999,-9999,0.64,-9999,-9999,0.15,0.0,17.91,98.0,343,164,40,7,0,0,0,0,0,0,0,0,0,20.3,-3.3,27.5,13.1,-15.4,-15.2,-14.6,-15.6
GHCND:USC00295084,LOS ALAMOS NM US,20100702,16,13,11,8,7,5,2,1,1,11,10,13,11,8,7,5,2,1,1,0,0,0,-4321,-4321,-4321,1,0.10,-9999,-9999,0.23,-9999,-9999,0.64,-9999,-9999,0.30,0.0,18.06,98.0,348,168,41,7,0,0,0,0,0,0,0,0,0,20.3,-3.3,27.6,13.1,-15.4,-15.2,-14.6,-15.6
GHCND:USC00295084,LOS ALAMOS NM US,20100703,16,13,11,8,7,5,2,1,1,11,10,13,11,8,7,5,2,1,1,0,0,0,-4321,-4321,-4321,-4321,0.10,-9999,-9999,0.23,-9999,-9999,0.66,-9999,-9999,0.46,0.0,18.21,98.0,354,172,41,7,0,0,0,0,0,0,0,0,0,20.4,-3.4,27.6,13.2,-15.4,-15.2,-14.7,-15.6
GHCND:USC00295084,LOS ALAMOS NM US,20100704,16,13,11,8,7,5,2,1,-4321,11,10,13,11,8,7,5,2,1,-4321,0,0,0,-4321,-4321,-4321,-4321,0.10,-9999,-9999,0.23,-9999,-9999,0.66,-9999,-9999,0.64,0.0,18.39,98.0,360,176,42,7,0,0,0,0,0,0,0,0,0,20.4,-3.4,27.6,13.2,-15.4,-15.2,-14.7,-15.6
GHCND:USC00295084,LOS ALAMOS NM US,20100705,16,13,11,8,7,5,2,1,-4321,12,11,13,11,8,7,5,2,1,-4321,0,0,0,-4321,-4321,-4321,-4321,0.10,-9999,-9999,0.23,-9999,-9999,0.66,-9999,-9999,0.81,0.0,18.57,98.0,367,180,43,7,0,0,0,0,0,0,0,0,0,20.4,-3.4,27.6,13.3,-15.4,-15.2,-14.7,-15.7
GHCND:USC00295084,LOS ALAMOS NM US,20100706,16,13,11,8,7,5,2,1,-4321,12,11,13,11,8,7,5,2,1,-4321,0,0,0,-4321,-4321,-4321,-4321,0.10,-9999,-9999,0.23,-9999,-9999,0.66,-9999,-9999,0.99,0.0,18.75,98.0,373,184,43,8,0,0,0,0,0,0,0,0,0,20.5,-3.5,27.6,13.3,-15.4,-15.2,-14.7,-15.7
GHCND:USC00295084,LOS ALAMOS NM US,20100707,16,13,11,8,7,5,2,1,-4321,12,11,13,11,8,7,5,2,1,-4321,0,0,0,-4321,-4321,-4321,-4321,0.10,-9999,-9999,0.23,-9999,-9999,0.69,-9999,-9999,1.17,0.0,18.92,98.0,380,188,44,8,0,0,0,0,0,0,0,0,0,20.5,-3.5,27.6,13.3,-15.5,-15.2,-14.7,-15.7
GHCND:USC00295084,LOS ALAMOS NM US,20100708,16,13,11,8,7,5,2,1,-4321,12,11,13,11,8,7,5,2,1,-4321,0,0,0,-4321,-4321,-4321,-4321,0.10,-9999,-9999,0.23,-9999,-9999,0.69,-9999,-9999,1.35,0.0,19.10,98.0,387,193,45,8,0,0,0,0,0,0,0,0,0,20.5,-3.6,27.6,13.4,-15.5,-15.2,-14.7,-15.7
GHCND:USC00295084,LOS ALAMOS NM US,20100709,16,13,11,8,7,5,2,1,-4321,12,11,13,11,8,7,5,2,1,-4321,0,0,0,-4321,-4321,-4321,-4321,0.10,-9999,-9999,0.23,-9999,-9999,0.69,-9999,-9999,1.55,0.0,19.30,98.0,394,197,46,8,0,0,0,0,0,0,0,0,0,20.5,-3.6,27.6,13.4,-15.5,-15.3,-14.7,-15.7
GHCND:USC00295084,LOS ALAMOS NM US,20100710,16,13,11,8,7,5,2,1,-4321,12,11,13,11,8,7,5,2,1,-4321,0,0,0,-4321,-4321,-4321,-4321,0.10,-9999,-9999,0.25,-9999,-9999,0.69,-9999,-9999,1.75,0.0,19.51,98.0,401,201,46,9,0,0,0,0,0,0,0,0,0,20.5,-3.6,27.6,13.4,-15.5,-15.3,-14.7,-15.8
GHCND:USC00295084,LOS ALAMOS NM US,20100711,16,13,11,8,7,5,2,1,-4321,12,11,13,11,8,7,5,2,1,-4321,0,0,0,-4321,-4321,-4321,-4321,0.10,-9999,-9999,0.25,-9999,-9999,0.71,-9999,-9999,1.96,0.0,19.71,98.0,408,206,47,9,0,0,0,0,0,0,0,0,0,20.5,-3.7,27.6,13.4,-15.6,-15.3,-14.7,-15.8
GHCND:USC00295084,LOS ALAMOS NM US,20100712,16,13,11,8,7,5,2,1,-4321,12,11,13,11,8,7,5,2,1,-4321,0,0,0,-4321,-4321,-4321,-4321,0.10,-9999,-9999,0.25,-9999,-9999,0.71,-9999,-9999,2.18,0.0,19.94,98.0,414,210,48,9,0,0,0,0,0,0,0,0,0,20.4,-3.7,27.5,13.4,-15.6,-15.3,-14.7,-15.8
GHCND:USC00295084,LOS ALAMOS NM US,20100713,16,13,11,8,7,5,2,1,-4321,12,11,13,11,8,7,5,2,1,-4321,0,0,0,0,0,-4321,-4321,0.10,-9999,-9999,0.25,-9999,-9999,0.71,-9999,-9999,2.41,0.0,20.17,98.0,421,215,49,10,0,0,0,0,0,0,0,0,0,20.4,-3.8,27.4,13.4,-15.6,-15.3,-14.7,-15.8
GHCND:USC00295084,LOS ALAMOS NM US,20100714,16,13,11,8,7,5,2,1,-4321,12,11,13,11,8,7,5,2,1,-4321,0,0,0,0,0,-4321,-4321,0.10,-9999,-9999,0.25,-9999,-9999,0.71,-9999,-9999,2.62,0.0,20.37,98.0,427,219,50,10,0,0,0,0,0,0,0,0,0,20.4,-3.8,27.4,13.4,-15.6,-15.3,-14.7,-15.8
GHCND:USC00295084,LOS ALAMOS NM US,20100715,16,13,11,8,7,5,2,1,-4321,11,10,13,11,8,7,5,2,1,-4321,0,0,0,0,0,-4321,-4321,0.10,-9999,-9999,0.25,-9999,-9999,0.74,-9999,-9999,2.84,0.0,20.60,98.0,433,224,51,10,0,0,0,0,0,0,0,0,0,20.4,-3.9,27.3,13.4,-15.6,-15.2,-14.7,-15.9
GHCND:USC00295084,LOS ALAMOS NM US,20100716,16,13,11,8,7,5,2,1,-4321,11,10,13,11,8,7,5,2,1,-4321,0,0,0,0,0,-4321,-4321,0.10,-9999,-9999,0.25,-9999,-9999,0.74,-9999,-9999,3.07,0.0,20.83,98.0,439,229,52,11,0,0,0,0,0,0,0,0,0,20.4,-3.9,27.3,13.4,-15.6,-15.2,-14.7,-15.9
GHCND:USC00295084,LOS ALAMOS NM US,20100717,16,13,11,8,7,5,2,1,-4321,11,10,13,11,8,7,5,2,1,-4321,0,0,0,0,-4321,-4321,-4321,0.10,-9999,-9999,0.28,-9999,-9999,0.76,-9999,-9999,3.30,0.0,21.06,98.0,445,233,53,11,0,0,0,0,0,0,0,0,0,20.3,-4.0,27.2,13.4,-15.6,-15.2,-14.7,-15.9
GHCND:USC00295084,LOS ALAMOS NM US,20100718,16,13,11,8,7,5,2,1,-4321,11,10,13,11,8,7,5,2,1,-4321,0,0,0,0,-4321,-4321,-4321,0.10,-9999,-9999,0.28,-9999,-9999,0.76,-9999,-9999,3.56,0.0,21.31,98.0,451,237,54,11,0,0,0,0,0,0,0,0,0,20.3,-4.1,27.1,13.4,-15.6,-15.2,-14.7,-15.9
GHCND:USC00295084,LOS ALAMOS NM US,20100719,16,13,10,7,6,4,2,1,-4321,11,10,13,10,7,6,4,2,1,-4321,0,0,0,0,-4321,-4321,-4321,0.10,-9999,-9999,0.28,-9999,-9999,0.76,-9999,-9999,3.78,0.0,21.54,98.0,457,241,56,12,0,0,0,0,0,0,0,0,0,20.2,-4.1,27.1,13.4,-15.6,-15.2,-14.7,-15.9
GHCND:USC00295084,LOS ALAMOS NM US,20100720,16,13,10,7,6,4,2,1,-4321,11,10,13,10,7,6,4,2,1,-4321,0,0,0,0,-4321,-4321,-4321,0.10,-9999,-9999,0.28,-9999,-9999,0.79,-9999,-9999,4.04,0.0,21.79,98.0,462,245,56,12,0,0,0,0,0,0,0,0,0,20.2,-4.2,27.0,13.4,-15.6,-15.2,-14.8,-15.9
GHCND:USC00295084,LOS ALAMOS NM US,20100721,16,13,10,7,6,4,2,1,-4321,11,10,13,10,7,6,4,2,1,-4321,0,0,0,0,-4321,-4321,-4321,0.10,-9999,-9999,0.28,-9999,-9999,0.79,-9999,-9999,4.29,0.0,22.05,98.0,466,248,57,12,0,0,0,0,0,0,0,0,0,20.2,-4.3,26.9,13.4,-15.6,-15.2,-14.7,-15.9
GHCND:USC00295084,LOS ALAMOS NM US,20100722,16,13,10,7,6,4,2,1,-4321,11,10,13,10,7,6,4,2,1,-4321,0,0,0,0,-4321,-4321,-4321,0.10,-9999,-9999,0.28,-9999,-9999,0.79,-9999,-9999,4.55,0.0,22.30,98.0,470,251,58,12,0,0,0,0,0,0,0,0,0,20.1,-4.3,26.8,13.4,-15.7,-15.2,-14.7,-16.0
GHCND:USC00295084,LOS ALAMOS NM US,20100723,16,13,10,7,6,4,2,1,-4321,11,10,13,10,7,6,4,2,1,-4321,0,0,0,0,-4321,-4321,-4321,0.10,-9999,-9999,0.28,-9999,-9999,0.81,-9999,-9999,4.83,0.0,22.58,98.0,474,254,59,12,0,0,0,0,0,0,0,0,0,20.1,-4.4,26.8,13.3,-15.7,-15.2,-14.7,-16.0
GHCND:USC00295084,LOS ALAMOS NM US,20100724,16,13,10,7,6,4,2,1,-4321,11,10,13,10,7,6,4,2,1,-4321,0,0,0,0,-4321,-4321,1,0.10,-9999,-9999,0.28,-9999,-9999,0.81,-9999,-9999,5.08,0.0,22.83,98.0,478,257,60,12,0,0,0,0,0,0,0,0,0,20.0,-4.4,26.7,13.3,-15.7,-15.2,-14.7,-16.0
GHCND:USC00295084,LOS ALAMOS NM US,20100725,16,13,10,7,6,4,2,1,-4321,11,10,13,10,7,6,4,2,1,-4321,0,0,0,0,-4321,-4321,1,0.10,-9999,-9999,0.30,-9999,-9999,0.81,-9999,-9999,5.36,0.0,23.11,98.0,482,261,60,12,0,0,0,0,0,0,0,0,0,19.9,-4.5,26.6,13.3,-15.7,-15.2,-14.7,-16.0
GHCND:USC00295084,LOS ALAMOS NM US,20100726,16,13,10,7,6,4,2,1,-4321,11,10,13,10,7,6,4,2,1,-4321,0,0,0,0,-4321,-4321,1,0.10,-9999,-9999,0.30,-9999,-9999,0.81,-9999,-9999,5.61,0.0,23.37,98.0,486,264,61,12,0,0,0,0,0,0,0,0,0,19.9,-4.6,26.5,13.3,-15.7,-15.2,-14.7,-16.1
GHCND:USC00295084,LOS ALAMOS NM US,20100727,16,13,10,7,6,4,2,1,-4321,11,10,13,10,7,6,4,2,1,-4321,0,0,0,0,-4321,-4321,1,0.10,-9999,-9999,0.30,-9999,-9999,0.81,-9999,-9999,5.92,0.0,23.67,98.0,489,266,61,13,0,0,0,0,0,0,0,0,0,19.8,-4.6,26.4,13.3,-15.7,-15.2,-14.7,-16.1
GHCND:USC00295084,LOS ALAMOS NM US,20100728,16,13,10,7,6,4,2,1,-4321,11,10,13,10,7,6,4,2,1,-4321,0,0,0,0,-4321,-4321,1,0.10,-9999,-9999,0.30,-9999,-9999,0.84,-9999,-9999,6.20,0.0,23.95,98.0,493,269,62,13,0,0,0,0,0,0,0,0,0,19.8,-4.7,26.3,13.2,-15.7,-15.2,-14.7,-16.1
GHCND:USC00295084,LOS ALAMOS NM US,20100729,16,13,10,7,6,4,2,1,-4321,11,9,13,10,7,6,4,2,1,-4321,0,0,0,0,-4321,-4321,1,0.10,-9999,-9999,0.30,-9999,-9999,0.84,-9999,-9999,6.50,0.0,24.26,98.0,496,271,62,13,0,0,0,0,0,0,0,0,0,19.7,-4.7,26.3,13.2,-15.7,-15.2,-14.7,-16.1
GHCND:USC00295084,LOS ALAMOS NM US,20100730,15,12,9,7,6,4,2,1,-4321,11,9,12,9,7,6,4,2,1,-4321,0,0,0,0,-4321,-4321,1,0.10,-9999,-9999,0.30,-9999,-9999,0.84,-9999,-9999,6.78,0.0,24.54,98.0,499,274,62,13,0,0,0,0,0,0,0,0,0,19.7,-4.8,26.2,13.2,-15.7,-15.2,-14.7,-16.1
GHCND:USC00295084,LOS ALAMOS NM US,20100731,15,12,9,7,6,4,2,1,-4321,11,9,12,9,7,6,4,2,1,-4321,0,0,0,0,-4321,-4321,1,0.10,-9999,-9999,0.30,-9999,-9999,0.84,-9999,-9999,7.09,0.0,24.84,98.0,502,276,63,13,0,0,0,0,0,0,0,0,0,19.7,-4.8,26.1,13.2,-15.7,-15.2,-14.7,-16.1
GHCND:USC00295084,LOS ALAMOS NM US,20100801,15,12,9,7,6,4,2,1,-4321,11,9,12,9,7,6,4,2,1,-4321,0,0,0,0,-4321,-4321,1,0.10,-9999,-9999,0.30,-9999,-9999,0.84,-9999,-9999,0.33,0.0,25.17,98.0,504,278,63,13,0,0,0,0,0,0,0,0,0,19.6,-4.9,26.1,13.2,-15.7,-15.1,-14.7,-16.1
GHCND:USC00295084,LOS ALAMOS NM US,20100802,15,12,9,7,6,4,2,-4321,-4321,11,9,12,9,7,6,4,2,-4321,-4321,0,0,0,0,-4321,-4321,1,0.10,-9999,-9999,0.30,-9999,-9999,0.84,-9999,-9999,0.64,0.0,25.48,98.0,506,280,64,13,0,0,0,0,0,0,0,0,0,19.6,-4.9,26.0,13.1,-15.7,-15.1,-14.7,-16.1
GHCND:USC00295084,LOS ALAMOS NM US,20100803,15,12,9,7,6,4,2,-4321,-4321,11,9,12,9,7,6,4,2,-4321,-4321,0,0,0,0,-4321,-4321,1,0.10,-9999,-9999,0.30,-9999,-9999,0.84,-9999,-9999,0.97,0.0,25.81,98.0,507,281,64,13,0,0,0,0,0,0,0,0,0,19.5,-4.9,25.9,13.1,-15.7,-15.1,-14.7,-16.1
GHCND:USC00295084,LOS ALAMOS NM US,20100804,15,12,9,7,6,4,2,-4321,-4321,11,9,12,9,7,6,4,2,-4321,-4321,0,0,0,0,-4321,-4321,1,0.10,-9999,-9999,0.30,-9999,-9999,0.84,-9999,-9999,1.27,0.0,26.11,98.0,508,282,64,14,0,0,0,0,0,0,0,0,0,19.5,-5.0,25.9,13.1,-15.7,-15.1,-14.7,-16.1
GHCND:USC00295084,LOS ALAMOS NM US,20100805,15,12,9,7,6,4,2,-4321,-4321,11,9,12,9,7,6,4,2,-4321,-4321,0,0,0,0,-4321,-4321,1,0.10,-9999,-9999,0.30,-9999,-9999,0.84,-9999,-9999,1.60,0.0,26.44,98.0,508,283,64,14,0,0,0,0,0,0,0,0,0,19.4,-5.0,25.8,13.1,-15.7,-15.1,-14.7,-16.1
GHCND:USC00295084,LOS ALAMOS NM US,20100806,15,12,9,7,6,4,2,-4321,-4321,11,9,12,9,7,6,4,2,-4321,-4321,0,0,0,0,-4321,-4321,1,0.10,-9999,-9999,0.33,-9999,-9999,0.84,-9999,-9999,1.90,0.0,26.75,98.0,508,283,64,14,0,0,0,0,0,0,0,0,0,19.4,-5.1,25.8,13.1,-15.7,-15.1,-14.7,-16.2
GHCND:USC00295084,LOS ALAMOS NM US,20100807,15,12,9,7,6,4,2,-4321,-4321,11,9,12,9,7,6,4,2,-4321,-4321,0,0,0,0,-4321,-4321,1,0.10,-9999,-9999,0.33,-9999,-9999,0.84,-9999,-9999,2.24,0.0,27.08,98.0,507,283,64,14,0,0,0,0,0,0,0,0,0,19.4,-5.1,25.7,13.0,-15.7,-15.1,-14.7,-16.2
GHCND:USC00295084,LOS ALAMOS NM US,20100808,15,12,9,7,6,4,2,-4321,-4321,11,9,12,9,7,6,4,2,-4321,-4321,0,0,0,0,-4321,-4321,1,0.10,-9999,-9999,0.33,-9999,-9999,0.84,-9999,-9999,2.54,0.0,27.38,98.0,505,282,64,14,0,0,0,0,0,0,0,0,0,19.3,-5.1,25.7,13.0,-15.7,-15.1,-14.7,-16.2
GHCND:USC00295084,LOS ALAMOS NM US,20100809,15,12,9,7,6,4,1,-4321,-4321,11,9,12,9,7,6,4,1,-4321,-4321,0,0,0,0,-4321,-4321,1,0.10,-9999,-9999,0.33,-9999,-9999,0.84,-9999,-9999,2.84,0.0,27.69,98.0,504,282,64,14,0,0,0,0,0,0,0,0,0,19.3,-5.1,25.6,12.9,-15.7,-15.1,-14.7,-16.2
GHCND:USC00295084,LOS ALAMOS NM US,20100810,15,12,9,7,6,4,1,-4321,-4321,11,9,12,9,7,6,4,1,-4321,-4321,0,0,0,0,-4321,-4321,1,0.10,-9999,-9999,0.33,-9999,-9999,0.84,-9999,-9999,3.15,0.0,27.99,98.0,502,282,64,14,0,0,0,0,0,0,0,0,0,19.3,-5.2,25.6,12.9,-15.7,-15.1,-14.7,-16.2
GHCND:USC00295084,LOS ALAMOS NM US,20100811,15,12,9,7,6,4,1,-4321,-4321,11,9,12,9,7,6,4,1,-4321,-4321,0,0,0,0,-4321,-4321,1,0.10,-9999,-9999,0.33,-9999,-9999,0.84,-9999,-9999,3.48,0.0,28.32,98.0,500,281,64,14,0,0,0,0,0,0,0,0,0,19.2,-5.2,25.6,12.9,-15.7,-15.1,-14.7,-16.2
GHCND:USC00295084,LOS ALAMOS NM US,20100812,15,12,9,7,6,4,1,-4321,-4321,10,9,12,9,7,6,4,1,-4321,-4321,0,0,0,0,-4321,-4321,1,0.10,-9999,-9999,0.33,-9999,-9999,0.84,-9999,-9999,3.78,0.0,28.63,98.0,498,279,63,13,0,0,0,0,0,0,0,0,0,19.2,-5.2,25.5,12.9,-15.7,-15.1,-14.7,-16.1
GHCND:USC00295084,LOS ALAMOS NM US,20100813,14,12,9,6,5,4,1,-4321,-4321,10,9,12,9,6,5,4,1,-4321,-4321,0,0,0,0,-4321,-4321,1,0.10,-9999,-9999,0.33,-9999,-9999,0.84,-9999,-9999,4.11,0.0,28.96,98.0,496,278,63,13,0,0,0,0,0,0,0,0,0,19.2,-5.2,25.4,12.8,-15.8,-15.1,-14.7,-16.1
GHCND:USC00295084,LOS ALAMOS NM US,20100814,14,12,9,6,5,3,1,-4321,-4321,10,9,12,9,6,5,3,1,-4321,-4321,0,0,0,0,-4321,-4321,1,0.10,-9999,-9999,0.33,-9999,-9999,0.84,-9999,-9999,4.42,0.0,29.26,98.0,493,276,62,13,0,0,0,0,0,0,0,0,0,19.1,-5.2,25.4,12.8,-15.8,-15.1,-14.7,-16.1
GHCND:USC00295084,LOS ALAMOS NM US,20100815,14,12,9,6,5,3,1,-4321,-4321,10,9,12,9,6,5,3,1,-4321,-4321,0,0,0,0,-4321,-4321,1,0.10,-9999,-9999,0.33,-9999,-9999,0.81,-9999,-9999,4.75,0.0,29.59,98.0,490,274,61,13,0,0,0,0,0,0,0,0,0,19.1,-5.2,25.4,12.8,-15.8,-15.1,-14.8,-16.1
GHCND:USC00295084,LOS ALAMOS NM US,20100816,14,12,9,6,5,3,1,-4321,-4321,10,9,12,9,6,5,3,1,-4321,-4321,0,0,0,0,-4321,-4321,1,0.10,-9999,-9999,0.33,-9999,-9999,0.81,-9999,-9999,5.05,0.0,29.90,98.0,487,272,60,13,0,0,0,0,0,0,0,0,0,19.1,-5.2,25.3,12.7,-15.8,-15.1,-14.8,-16.1
GHCND:USC00295084,LOS ALAMOS NM US,20100817,14,12,9,6,5,3,1,-4321,-4321,10,9,12,9,6,5,3,1,-4321,-4321,0,0,0,0,-4321,-4321,1,0.10,-9999,-9999,0.33,-9999,-9999,0.81,-9999,-9999,5.36,0.0,30.20,98.0,483,271,59,13,0,0,0,0,0,0,0,0,0,19.0,-5.2,25.3,12.7,-15.8,-15.1,-14.8,-16.1
GHCND:USC00295084,LOS ALAMOS NM US,20100818,14,12,9,6,5,3,1,-4321,-4321,10,9,12,9,6,5,3,1,-4321,-4321,0,0,0,0,-4321,-4321,1,0.10,-9999,-9999,0.33,-9999,-9999,0.81,-9999,-9999,5.66,0.0,30.51,98.0,480,269,59,12,0,0,0,0,0,0,0,0,0,18.9,-5.2,25.3,12.7,-15.8,-15.1,-14.8,-16.1
GHCND:USC00295084,LOS ALAMOS NM US,20100819,14,12,9,6,5,3,1,-4321,-4321,10,9,12,9,6,5,3,1,-4321,-4321,0,0,0,-4321,-4321,-4321,1,0.10,-9999,-9999,0.33,-9999,-9999,0.81,-9999,-9999,5.97,0.0,30.81,98.0,476,268,58,12,0,0,0,0,0,0,0,0,0,18.9,-5.2,25.2,12.6,-15.8,-15.1,-14.8,-16.1
GHCND:USC00295084,LOS ALAMOS NM US,20100820,14,12,9,6,5,3,1,-4321,-4321,10,9,12,9,6,5,3,1,-4321,-4321,0,0,0,-4321,-4321,-4321,1,0.10,-9999,-9999,0.33,-9999,-9999,0.81,-9999,-9999,6.25,0.0,31.09,98.0,472,266,57,12,0,0,0,0,0,0,0,0,0,18.9,-5.1,25.2,12.6,-15.7,-15.1,-14.8,-16.1
GHCND:USC00295084,LOS ALAMOS NM US,20100821,14,12,9,6,5,3,1,-4321,-4321,10,9,12,9,6,5,3,1,-4321,-4321,0,0,0,-4321,-4321,-4321,1,0.10,-9999,-9999,0.33,-9999,-9999,0.79,-9999,-9999,6.53,0.0,31.37,98.0,468,264,57,12,0,0,0,0,0,0,0,0,0,18.8,-5.1,25.2,12.5,-15.7,-15.1,-14.8,-16.1
GHCND:USC00295084,LOS ALAMOS NM US,20100822,14,12,9,6,5,3,1,-4321,-4321,10,9,12,9,6,5,3,1,-4321,-4321,0,0,0,-4321,-4321,-4321,1,0.10,-9999,-9999,0.33,-9999,-9999,0.79,-9999,-9999,6.81,0.0,31.65,98.0,463,262,56,12,0,0,0,0,0,0,0,0,0,18.8,-5.1,25.1,12.4,-15.7,-15.1,-14.8,-16.1
GHCND:USC00295084,LOS ALAMOS NM US,20100823,14,12,9,6,5,3,1,-4321,-4321,10,9,12,9,6,5,3,1,-4321,-4321,0,0,0,-4321,-4321,-4321,1,0.10,-9999,-9999,0.33,-9999,-9999,0.79,-9999,-9999,7.09,0.0,31.93,98.0,459,259,56,12,0,0,0,0,0,0,0,0,0,18.7,-5.1,25.1,12.3,-15.7,-15.1,-14.8,-16.1
GHCND:USC00295084,LOS ALAMOS NM US,20100824,14,12,9,6,5,3,1,-4321,-4321,10,9,12,9,6,5,3,1,-4321,-4321,0,0,0,-4321,-4321,-4321,1,0.10,-9999,-9999,0.33,-9999,-9999,0.79,-9999,-9999,7.37,0.0,32.21,98.0,454,256,55,11,0,0,0,0,0,0,0,0,0,18.7,-5.1,25.0,12.3,-15.7,-15.1,-14.8,-16.0
GHCND:USC00295084,LOS ALAMOS NM US,20100825,14,11,8,6,4,3,1,-4321,-4321,9,9,11,8,6,4,3,1,-4321,-4321,0,0,0,-4321,-4321,-4321,1,0.10,-9999,-9999,0.33,-9999,-9999,0.79,-9999,-9999,7.65,0.0,32.49,98.0,449,253,54,11,0,0,0,0,0,0,0,0,0,18.6,-5.0,24.9,12.2,-15.7,-15.1,-14.8,-16.0
GHCND:USC00295084,LOS ALAMOS NM US,20100826,14,11,8,6,4,3,1,-4321,-4321,9,8,11,8,6,4,3,1,-4321,-4321,0,0,0,-4321,-4321,-4321,1,0.10,-9999,-9999,0.33,-9999,-9999,0.79,-9999,-9999,7.90,0.0,32.74,98.0,444,250,54,11,0,0,0,0,0,0,0,0,0,18.5,-5.0,24.9,12.1,-15.7,-15.1,-14.8,-15.9
GHCND:USC00295084,LOS ALAMOS NM US,20100827,14,11,8,6,4,3,1,-4321,-4321,9,8,11,8,6,4,3,1,-4321,-4321,0,0,0,-4321,-4321,-4321,1,0.10,-9999,-9999,0.33,-9999,-9999,0.76,-9999,-9999,8.15,0.0,32.99,98.0,438,246,53,10,0,0,0,0,0,0,0,0,0,18.4,-4.9,24.8,12.0,-15.7,-15.1,-14.7,-15.9
GHCND:USC00295084,LOS ALAMOS NM US,20100828,14,11,8,6,4,3,1,-4321,-4321,9,8,11,8,6,4,3,1,-4321,-4321,0,0,0,-4321,-4321,-4321,1,0.10,-9999,-9999,0.33,-9999,-9999,0.76,-9999,-9999,8.41,0.0,33.25,98.0,432,242,52,10,0,0,0,0,0,0,0,0,0,18.3,-4.9,24.8,11.9,-15.7,-15.1,-14.7,-15.9
GHCND:USC00295084,LOS ALAMOS NM US,20100829,14,11,8,6,4,3,1,-4321,-4321,9,8,11,8,6,4,3,1,-4321,-4321,0,0,0,-4321,-4321,-4321,1,0.10,-9999,-9999,0.33,-9999,-9999,0.76,-9999,-9999,8.64,0.0,33.48,98.0,426,239,52,9,0,0,0,0,0,0,0,0,0,18.3,-4.9,24.7,11.8,-15.6,-15.1,-14.7,-15.9
GHCND:USC00295084,LOS ALAMOS NM US,20100830,14,11,8,6,4,3,1,-4321,-4321,9,8,11,8,6,4,3,1,-4321,-4321,0,0,0,-4321,-4321,-4321,1,0.10,-9999,-9999,0.33,-9999,-9999,0.76,-9999,-9999,8.89,0.0,33.73,98.0,420,234,51,9,0,0,0,0,0,0,0,0,0,18.2,-4.8,24.6,11.7,-15.6,-15.0,-14.7,-15.8
GHCND:USC00295084,LOS ALAMOS NM US,20100831,14,11,8,6,4,3,1,-4321,-4321,9,8,11,8,6,4,3,1,-4321,-4321,0,0,0,-4321,-4321,-4321,1,0.10,-9999,-9999,0.33,-9999,-9999,0.76,-9999,-9999,9.14,0.0,33.99,98.0,413,231,50,9,0,0,0,0,0,0,0,0,0,18.1,-4.8,24.6,11.6,-15.6,-15.0,-14.7,-15.8
GHCND:USC00295084,LOS ALAMOS NM US,20100901,13,11,8,5,4,3,1,-4321,-4321,9,8,11,8,5,4,3,1,-4321,-4321,0,0,0,-4321,-4321,-4321,1,0.10,-9999,-9999,0.33,-9999,-9999,0.74,-9999,-9999,0.23,0.0,34.21,98.0,407,227,49,8,0,0,0,0,0,0,0,0,0,17.9,-4.8,24.4,11.4,-15.6,-15.0,-14.7,-15.8
GHCND:USC00295084,LOS ALAMOS NM US,20100902,13,11,8,5,4,2,1,-4321,-4321,9,8,11,8,5,4,2,1,-4321,-4321,0,0,0,-4321,-4321,-4321,1,0.10,-9999,-9999,0.30,-9999,-9999,0.74,-9999,-9999,0.43,0.0,34.42,98.0,401,223,49,8,0,0,0,0,0,0,0,0,0,17.8,-4.8,24.3,11.3,-15.5,-15.0,-14.6,-15.7
GHCND:USC00295084,LOS ALAMOS NM US,20100903,13,11,8,5,4,2,1,-4321,-4321,9,8,11,8,5,4,2,1,-4321,-4321,0,0,0,-4321,-4321,-4321,1,0.10,-9999,-9999,0.30,-9999,-9999,0.74,-9999,-9999,0.66,0.0,34.65,98.0,395,219,48,8,0,0,0,0,0,0,0,0,0,17.7,-4.7,24.2,11.2,-15.5,-14.9,-14.6,-15.7
GHCND:USC00295084,LOS ALAMOS NM US,20100904,13,11,8,5,4,2,1,-4321,-4321,9,8,11,8,5,4,2,1,-4321,-4321,0,0,0,-4321,-4321,-4321,1,0.10,-9999,-9999,0.30,-9999,-9999,0.74,-9999,-9999,0.86,0.0,34.85,98.0,389,216,47,7,0,0,0,0,0,0,0,0,0,17.6,-4.7,24.1,11.1,-15.4,-14.9,-14.6,-15.6
GHCND:USC00295084,LOS ALAMOS NM US,20100905,13,10,7,4,4,2,1,-4321,-4321,9,8,10,7,4,4,2,1,-4321,-4321,0,0,-4321,-4321,-4321,-4321,1,0.10,-9999,-9999,0.30,-9999,-9999,0.74,-9999,-9999,1.07,0.0,35.05,98.0,383,213,47,7,0,0,0,0,0,0,0,0,0,17.4,-4.7,24.0,10.9,-15.4,-14.9,-14.6,-15.6
GHCND:USC00295084,LOS ALAMOS NM US,20100906,13,10,7,4,3,2,1,-4321,-4321,8,8,10,7,4,3,2,1,-4321,-4321,0,0,-4321,-4321,-4321,1,2,0.10,-9999,-9999,0.30,-9999,-9999,0.74,-9999,-9999,1.30,0.0,35.28,98.0,378,210,46,7,0,0,0,0,0,0,0,0,0,17.3,-4.6,23.9,10.7,-15.4,-14.9,-14.6,-15.6
GHCND:USC00295084,LOS ALAMOS NM US,20100907,13,10,7,4,3,2,1,-4321,-4321,8,7,10,7,4,3,2,1,-4321,-4321,0,0,-4321,-4321,-4321,1,2,0.10,-9999,-9999,0.30,-9999,-9999,0.74,-9999,-9999,1.50,0.0,35.48,98.0,373,206,46,7,0,0,0,0,0,0,0,0,0,17.2,-4.6,23.8,10.6,-15.3,-14.9,-14.5,-15.5
GHCND:USC00295084,LOS ALAMOS NM US,20100908,13,10,7,4,3,2,1,-4321,-4321,8,7,10,7,4,3,2,1,-4321,-4321,0,0,-4321,-4321,-4321,1,2,0.10,-9999,-9999,0.30,-9999,-9999,0.74,-9999,-9999,1.68,0.0,35.66,98.0,367,203,45,7,0,0,0,0,0,0,0,0,0,17.0,-4.6,23.6,10.4,-15.3,-14.9,-14.5,-15.4
GHCND:USC00295084,LOS ALAMOS NM US,20100909,12,9,7,4,3,2,1,-4321,-4321,8,7,9,7,4,3,2,1,-4321,-4321,0,-4321,-4321,-4321,-4321,1,2,0.10,-9999,-9999,0.30,-9999,-9999,0.74,-9999,-9999,1.85,0.0,35.84,98.0,361,199,45,6,0,0,0,0,0,0,0,0,0,16.8,-4.6,23.5,10.2,-15.3,-14.9,-14.4,-15.4
GHCND:USC00295084,LOS ALAMOS NM US,20100910,12,9,7,4,3,2,1,-4321,-4321,8,7,9,7,4,3,2,1,-4321,-4321,0,-4321,-4321,-4321,-4321,1,2,0.08,-9999,-9999,0.30,-9999,-9999,0.74,-9999,-9999,2.03,0.0,36.02,98.0,356,196,44,6,0,0,0,0,0,0,0,0,0,16.7,-4.5,23.3,10.1,-15.2,-14.9,-14.4,-15.3
GHCND:USC00295084,LOS ALAMOS NM US,20100911,12,9,7,4,3,2,1,-4321,-4321,8,7,9,7,4,3,2,1,-4321,-4321,0,-4321,-4321,-4321,-4321,1,2,0.08,-9999,-9999,0.30,-9999,-9999,0.74,-9999,-9999,2.21,0.0,36.20,98.0,350,193,44,6,0,0,0,0,0,0,0,0,0,16.5,-4.5,23.2,9.9,-15.2,-14.9,-14.4,-15.3
GHCND:USC00295084,LOS ALAMOS NM US,20100912,12,9,6,4,3,2,1,-4321,-4321,8,7,9,6,4,3,2,1,-4321,-4321,0,-4321,-4321,-4321,-4321,1,2,0.08,-9999,-9999,0.30,-9999,-9999,0.74,-9999,-9999,2.36,0.0,36.35,98.0,344,189,44,6,0,0,0,0,0,0,0,0,0,16.3,-4.4,23.0,9.7,-15.2,-14.9,-14.4,-15.2
GHCND:USC00295084,LOS ALAMOS NM US,20100913,12,9,6,3,3,2,1,-4321,-4321,8,7,9,6,3,3,2,1,-4321,-4321,0,-4321,-4321,-4321,1,1,2,0.08,-9999,-9999,0.30,-9999,-9999,0.74,-9999,-9999,2.54,0.0,36.53,98.0,339,186,44,6,0,0,0,0,0,0,0,0,0,16.2,-4.4,22.8,9.5,-15.1,-14.9,-14.3,-15.2
GHCND:USC00295084,LOS ALAMOS NM US,20100914,12,9,6,3,2,1,-4321,-4321,-4321,7,7,9,6,3,2,1,-4321,-4321,-4321,0,-4321,-4321,-4321,1,1,3,0.08,-9999,-9999,0.30,-9999,-9999,0.74,-9999,-9999,2.69,0.0,36.68,98.0,333,183,43,6,0,0,0,0,0,0,0,0,0,16.0,-4.4,22.7,9.3,-15.1,-14.9,-14.3,-15.2
GHCND:USC00295084,LOS ALAMOS NM US,20100915,11,8,6,3,2,1,-4321,-4321,0,7,7,8,6,3,2,1,-4321,-4321,0,0,-4321,-4321,-4321,1,1,3,0.08,-9999,-9999,0.30,-9999,-9999,0.74,-9999,-9999,2.87,0.0,36.86,98.0,327,179,43,6,0,0,0,0,0,0,0,0,0,15.8,-4.4,22.5,9.1,-15.1,-14.9,-14.3,-15.1
GHCND:USC00295084,LOS ALAMOS NM US,20100916,11,8,6,3,2,1,-4321,-4321,0,7,7,8,6,3,2,1,-4321,-4321,0,0,-4321,-4321,1,1,1,3,0.08,-9999,-169.2,0.30,-9999,-169.2,0.74,-9999,-169.2,3.02,0.0,37.01,98.0,322,176,43,6,0,0,0,0,-9999,-9999,0,0,0,15.6,-4.4,22.3,8.9,-15.0,-14.8,-14.3,-15.1
GHCND:USC00295084,LOS ALAMOS NM US,20100917,11,8,6,3,2,1,-4321,-4321,0,7,6,8,6,3,2,1,-4321,-4321,0,0,-4321,-4321,1,1,1,3,0.08,-1692,-169.2,0.30,-1692,-169.2,0.74,-1692,-169.2,3.18,0.0,37.16,98.0,317,172,42,6,-9999,0,0,0,-9999,-9999,0,0,0,15.4,-4.3,22.1,8.7,-14.9,-14.8,-14.2,-15.0
GHCND:USC00295084,LOS ALAMOS NM US,20100918,11,8,6,3,2,1,-4321,-4321,0,7,6,8,6,3,2,1,-4321,-4321,0,-4321,-4321,-4321,1,1,1,3,0.08,-1692,-169.2,0.30,-1692,-169.2,0.74,-1692,-169.2,3.33,0.0,37.31,98.0,311,169,42,6,-9999,0,0,0,-9999,-9999,0,0,0,15.2,-4.3,21.9,8.5,-14.9,-14.8,-14.2,-14.9
GHCND:USC00295084,LOS ALAMOS NM US,20100919,11,8,5,3,2,1,-4321,-4321,0,7,6,8,5,3,2,1,-4321,-4321,0,-4321,-4321,-4321,1,1,2,3,0.08,-1692,-169.2,0.30,-1692,-169.2,0.74,-1692,-169.2,3.51,0.0,37.49,98.0,306,166,42,6,-9999,0,0,0,-9999,-9999,0,-9999,0,15.0,-4.3,21.7,8.3,-14.9,-14.8,-14.2,-14.9
GHCND:USC00295084,LOS ALAMOS NM US,20100920,11,8,5,3,2,1,-4321,-4321,0,7,6,8,5,3,2,1,-4321,-4321,0,-4321,-4321,-4321,1,1,2,4,0.08,-1692,-169.2,0.30,-1692,-169.2,0.74,-1692,-169.2,3.66,0.0,37.64,98.0,301,163,41,6,-9999,0,0,0,-9999,-9999,0,-9999,0,14.8,-4.3,21.5,8.1,-14.8,-14.8,-14.2,-14.9
GHCND:USC00295084,LOS ALAMOS NM US,20100921,10,7,5,2,2,1,-4321,-4321,0,7,6,7,5,2,2,1,-4321,-4321,0,-4321,-4321,-4321,1,1,2,4,0.08,-1692,-169.2,0.30,-1692,-169.2,0.74,-1692,-169.2,3.81,0.0,37.80,98.0,296,160,41,6,-9999,0,0,0,-9999,-9999,0,-9999,0,14.6,-4.3,21.3,7.8,-14.8,-14.8,-14.1,-14.8
GHCND:USC00295084,LOS ALAMOS NM US,20100922,10,7,4,2,2,1,-4321,-4321,0,7,6,7,4,2,2,1,-4321,-4321,0,-4321,-4321,-4321,1,1,2,4,0.08,-1692,-169.2,0.30,-1692,-169.2,0.74,-1692,-169.2,3.96,0.0,37.95,98.0,291,157,40,6,-9999,0,0,0,-9999,-9999,0,-9999,0,14.4,-4.3,21.1,7.6,-14.8,-14.7,-14.1,-14.8
GHCND:USC00295084,LOS ALAMOS NM US,20100923,9,7,4,2,2,1,-4321,-4321,0,6,6,7,4,2,2,1,-4321,-4321,0,-4321,-4321,-4321,1,1,2,4,0.08,-1692,-169.2,0.30,-1692,-169.2,0.74,-1692,-169.2,4.11,0.0,38.10,98.0,286,155,39,6,-9999,0,0,0,-9999,-9999,0,-9999,0,14.2,-4.3,20.9,7.4,-14.7,-14.7,-14.1,-14.8
GHCND:USC00295084,LOS ALAMOS NM US,20100924,9,7,4,2,1,1,-4321,-4321,0,6,6,7,4,2,1,1,-4321,-4321,0,-4321,-4321,-4321,1,1,2,4,0.08,-1692,-169.2,0.30,-1692,-169.2,0.74,-1692,-169.2,4.27,0.0,38.25,98.0,282,152,39,6,-9999,0,-9999,-9999,-9999,-9999,0,-9999,0,13.9,-4.3,20.7,7.2,-14.7,-14.7,-14.0,-14.7
GHCND:USC00295084,LOS ALAMOS NM US,20100925,9,7,4,2,1,1,-4321,-4321,0,6,6,7,4,2,1,1,-4321,-4321,0,-4321,-4321,-4321,1,1,2,4,0.08,-1692,-169.2,0.30,-1692,-169.2,0.74,-1692,-169.2,4.39,0.0,38.38,98.0,277,150,38,6,-9999,0,-9999,-9999,-9999,-9999,0,-9999,0,13.7,-4.3,20.5,7.0,-14.7,-14.7,-14.0,-14.7
GHCND:USC00295084,LOS ALAMOS NM US,20100926,9,6,4,2,1,1,-4321,0,0,6,5,6,4,2,1,1,-4321,0,0,-4321,-4321,-4321,1,2,2,5,0.08,-1692,-169.2,0.30,-1692,-169.2,0.74,-1692,-169.2,4.55,0.0,38.53,98.0,273,149,38,7,-9999,0,-9999,-9999,-9999,-9999,0,-9999,0,13.5,-4.3,20.3,6.8,-14.7,-14.7,-13.9,-14.7
GHCND:USC00295084,LOS ALAMOS NM US,20100927,9,6,4,2,1,1,-4321,0,0,6,5,6,4,2,1,1,-4321,0,0,-4321,-4321,1,1,2,3,5,0.10,-1692,-169.2,0.30,-1692,-169.2,0.74,-1692,-169.2,4.70,0.0,38.68,98.0,270,147,38,7,-9999,0,-9999,-9999,-9999,-9999,0,-9999,0,13.3,-4.3,20.1,6.6,-14.6,-14.6,-13.9,-14.7
GHCND:USC00295084,LOS ALAMOS NM US,20100928,9,6,3,2,1,1,-4321,0,0,6,5,6,3,2,1,1,-4321,0,0,-4321,-4321,1,1,2,3,5,0.10,-1692,-169.2,0.30,-1692,-169.2,0.74,-1692,-169.2,4.83,0.0,38.81,98.0,267,146,37,7,-9999,0,-9999,-9999,-9999,-9999,0,-9999,0,13.1,-4.3,19.8,6.4,-14.6,-14.6,-13.9,-14.6
GHCND:USC00295084,LOS ALAMOS NM US,20100929,8,6,3,1,1,1,-4321,0,0,6,5,6,3,1,1,1,-4321,0,0,-4321,-4321,1,1,2,3,6,0.10,-1692,-169.2,0.30,-1692,-169.2,0.74,-1692,-169.2,4.98,0.0,38.96,98.0,264,144,37,7,-9999,0,-9999,-9999,-9999,-9999,0,-9999,-9999,12.9,-4.3,19.6,6.2,-14.6,-14.6,-13.8,-14.6
GHCND:USC00295084,LOS ALAMOS NM US,20100930,8,6,3,1,1,-4321,-4321,0,0,6,5,6,3,1,1,-4321,-4321,0,0,-4321,-4321,1,1,2,3,6,0.10,-1692,-169.2,0.30,-1692,-169.2,0.74,-1692,-169.2,5.11,0.0,39.09,98.0,261,143,37,7,-9999,0,-9999,-9999,-9999,-9999,0,-9999,-9999,12.7,-4.3,19.4,5.9,-14.6,-14.6,-13.8,-14.6
GHCND:USC00295084,LOS ALAMOS NM US,20101001,8,6,3,1,1,-4321,-4321,0,0,5,4,6,3,1,1,-4321,-4321,0,0,-4321,-4321,1,2,2,3,6,0.10,-1692,-169.2,0.33,-1692,-169.2,0.74,-1692,-169.2,0.15,0.0,39.24,98.3,259,142,36,7,7,0,3,2,8,7,0,3,1,12.5,-4.3,19.2,5.8,-14.5,-14.6,-13.8,-14.6
GHCND:USC00295084,LOS ALAMOS NM US,20101002,8,5,3,1,1,-4321,-4321,0,0,5,4,5,3,1,1,-4321,-4321,0,0,-4321,-4321,1,2,2,3,6,0.10,-1692,-169.2,0.33,-1692,-169.2,0.74,-1692,-169.2,0.30,0.0,39.40,98.3,256,140,36,7,8,0,4,2,9,7,0,4,1,12.3,-4.3,19.0,5.6,-14.5,-14.6,-13.8,-14.6
GHCND:USC00295084,LOS ALAMOS NM US,20101003,8,5,3,1,1,-4321,-4321,0,0,5,4,5,3,1,1,-4321,-4321,0,0,-4321,-4321,1,2,2,4,6,0.10,-1692,-169.2,0.33,-1692,-169.2,0.74,-1692,-169.2,0.46,0.3,39.55,98.3,253,139,36,7,10,0,4,3,10,8,0,4,1,12.1,-4.4,18.8,5.4,-14.4,-14.6,-13.7,-14.5
GHCND:USC00295084,LOS ALAMOS NM US,20101004,7,5,2,1,1,-4321,-4321,0,0,5,4,5,2,1,1,-4321,-4321,0,0,-4321,-4321,1,2,2,4,7,0.10,-1692,-169.2,0.33,-1692,-169.2,0.74,-1692,-169.2,0.58,0.3,39.67,98.3,250,137,36,7,11,0,5,3,11,9,0,4,1,11.9,-4.4,18.6,5.2,-14.4,-14.6,-13.7,-14.5
GHCND:USC00295084,LOS ALAMOS NM US,20101005,7,4,2,1,1,-4321,-4321,0,0,5,4,4,2,1,1,-4321,-4321,0,0,-4321,-4321,1,2,3,4,7,0.10,-1692,-169.2,0.33,-1692,-169.2,0.74,-1692,-169.2,0.74,0.3,39.83,98.6,246,136,35,7,12,1,5,3,12,9,1,5,1,11.7,-4.4,18.4,5.0,-14.4,-14.5,-13.7,-14.5
GHCND:USC00295084,LOS ALAMOS NM US,20101006,7,4,2,1,1,-4321,-4321,0,0,4,4,4,2,1,1,-4321,-4321,0,0,-4321,-4321,1,2,3,4,7,0.10,-1692,-169.2,0.33,-1692,-169.2,0.76,-1692,-169.2,0.86,0.3,39.95,98.6,243,134,35,7,13,1,6,3,13,10,1,5,1,11.5,-4.4,18.2,4.8,-14.4,-14.5,-13.6,-14.4
GHCND:USC00295084,LOS ALAMOS NM US,20101007,7,4,2,1,1,-4321,-4321,0,0,4,4,4,2,1,1,-4321,-4321,0,0,-4321,-4321,1,2,3,4,7,0.10,-1692,-169.2,0.33,-1692,-169.2,0.76,-1692,-169.2,1.02,0.5,40.11,98.6,240,133,35,7,14,1,6,4,14,11,1,6,1,11.3,-4.4,17.9,4.6,-14.4,-14.5,-13.6,-14.4
GHCND:USC00295084,LOS ALAMOS NM US,20101008,7,4,2,1,-4321,-4321,-4321,0,0,4,4,4,2,1,-4321,-4321,-4321,0,0,-4321,1,1,2,3,4,7,0.10,-1692,-169.2,0.33,-1692,-169.2,0.76,-1692,-169.2,1.14,0.5,40.23,98.8,237,132,34,7,16,1,7,4,15,12,1,6,2,11.1,-4.4,17.8,4.4,-14.3,-14.4,-13.6,-14.4
GHCND:USC00295084,LOS ALAMOS NM US,20101009,7,4,2,1,-4321,-4321,-4321,0,0,4,4,4,2,1,-4321,-4321,-4321,0,0,-4321,1,1,2,3,4,7,0.10,-1692,-169.2,0.33,-1692,-169.2,0.76,-1692,-169.2,1.27,0.8,40.36,98.8,234,131,34,7,17,1,7,4,17,13,1,6,2,10.9,-4.5,17.6,4.3,-14.3,-14.4,-13.5,-14.4
GHCND:USC00295084,LOS ALAMOS NM US,20101010,6,4,2,1,-4321,-4321,-4321,0,0,4,4,4,2,1,-4321,-4321,-4321,0,0,-4321,1,1,3,3,5,8,0.10,-1692,-169.2,0.33,-1692,-169.2,0.76,-1692,-169.2,1.40,0.8,40.49,99.1,231,130,34,7,19,1,8,4,18,14,1,7,2,10.7,-4.5,17.3,4.1,-14.3,-14.4,-13.5,-14.4
GHCND:USC00295084,LOS ALAMOS NM US,20101011,6,4,2,1,-4321,-4321,-4321,0,0,4,4,4,2,1,-4321,-4321,-4321,0,0,-4321,1,1,3,3,5,8,0.10,-1692,-169.2,0.33,-1692,-169.2,0.76,-1692,-169.2,1.55,1.0,40.64,99.1,228,128,34,7,21,1,8,5,20,15,1,7,2,10.6,-4.6,17.2,3.9,-14.3,-14.4,-13.4,-14.4
GHCND:USC00295084,LOS ALAMOS NM US,20101012,6,3,2,1,-4321,-4321,-4321,0,0,4,3,3,2,1,-4321,-4321,-4321,0,0,-4321,1,1,3,4,5,8,0.13,-1692,-169.2,0.33,-1692,-169.2,0.76,-1692,-169.2,1.68,1.3,40.77,99.3,226,127,33,7,22,1,9,5,21,16,1,8,2,10.3,-4.6,16.9,3.7,-14.2,-14.4,-13.4,-14.4
GHCND:USC00295084,LOS ALAMOS NM US,20101013,6,3,2,1,-4321,-4321,-4321,0,0,4,3,3,2,1,-4321,-4321,-4321,0,0,-4321,1,1,3,4,6,8,0.13,-1692,-169.2,0.33,-1692,-169.2,0.76,-1692,-169.2,1.80,1.3,40.89,99.6,224,126,33,7,24,1,9,5,22,16,1,8,2,10.2,-4.6,16.8,3.6,-14.2,-14.4,-13.3,-14.3
GHCND:USC00295084,LOS ALAMOS NM US,20101014,6,3,2,1,-4321,-4321,-4321,0,0,4,3,3,2,1,-4321,-4321,-4321,0,0,-4321,1,2,3,4,6,8,0.13,-1692,-169.2,0.33,-1692,-169.2,0.76,-1692,-169.2,1.96,1.5,41.05,99.8,222,125,33,7,26,1,10,5,24,17,1,8,3,10.0,-4.6,16.6,3.4,-14.2,-14.4,-13.3,-14.3
GHCND:USC00295084,LOS ALAMOS NM US,20101015,6,3,1,1,-4321,-4321,-4321,0,0,4,3,3,1,1,-4321,-4321,-4321,0,0,-4321,1,2,3,4,6,8,0.13,-1692,-169.2,0.33,-1692,-169.2,0.76,-1692,-169.2,2.08,1.8,41.17,99.8,220,124,32,7,27,1,10,5,25,18,1,8,3,9.8,-4.7,16.4,3.2,-14.2,-14.4,-13.3,-14.3
GHCND:USC00295084,LOS ALAMOS NM US,20101016,6,3,1,1,-4321,-4321,-4321,0,0,4,3,3,1,1,-4321,-4321,-4321,0,0,-4321,1,2,3,4,6,9,0.13,-1692,-169.2,0.33,-1692,-169.2,0.76,-1692,-169.2,2.21,2.0,41.30,100.1,218,123,32,6,29,1,11,6,27,19,1,9,3,9.6,-4.7,16.2,3.1,-14.1,-14.3,-13.2,-14.3
GHCND:USC00295084,LOS ALAMOS NM US,20101017,5,3,1,-4321,-4321,-4321,0,0,0,4,3,3,1,-4321,-4321,-4321,0,0,0,-4321,1,2,3,4,6,9,0.13,-1692,-169.2,0.33,-1692,-169.2,0.74,-1692,-169.2,2.34,2.0,41.43,100.3,216,122,32,6,30,1,12,6,28,20,1,9,3,9.4,-4.7,16.0,2.9,-14.1,-14.3,-13.2,-14.3
GHCND:USC00295084,LOS ALAMOS NM US,20101018,5,3,1,-4321,-4321,-4321,0,0,0,3,3,3,1,-4321,-4321,-4321,0,0,0,1,1,2,4,4,6,9,0.13,-1692,-169.2,0.33,-1692,-169.2,0.74,-1692,-169.2,2.46,2.3,41.55,100.6,215,121,32,6,32,1,12,6,30,21,1,9,4,9.3,-4.7,15.8,2.8,-14.1,-14.3,-13.2,-14.2
GHCND:USC00295084,LOS ALAMOS NM US,20101019,5,3,1,-4321,-4321,-4321,0,0,0,3,3,3,1,-4321,-4321,-4321,0,0,0,1,1,2,4,5,7,9,0.13,-1692,-169.2,0.33,-1692,-169.2,0.74,-1692,-169.2,2.59,2.5,41.68,100.8,213,120,31,6,34,1,13,6,31,22,1,10,4,9.1,-4.8,15.6,2.6,-14.0,-14.3,-13.1,-14.2
GHCND:USC00295084,LOS ALAMOS NM US,20101020,5,3,1,-4321,-4321,-4321,0,0,0,3,3,3,1,-4321,-4321,-4321,0,0,0,1,1,2,4,5,7,9,0.13,-1692,-169.2,0.33,-1692,-169.2,0.74,-1692,-169.2,2.72,2.8,41.81,100.8,212,119,31,6,36,1,13,6,33,23,1,10,4,8.9,-4.8,15.4,2.4,-14.0,-14.3,-13.1,-14.2
GHCND:USC00295084,LOS ALAMOS NM US,20101021,4,2,1,-4321,-4321,-4321,0,0,0,3,3,2,1,-4321,-4321,-4321,0,0,0,1,1,2,4,5,7,9,0.13,-1692,-169.2,0.33,-1692,-169.2,0.74,-1692,-169.2,2.84,3.0,41.94,101.1,211,118,31,6,38,1,14,7,35,24,1,11,4,8.7,-4.8,15.2,2.3,-13.9,-14.3,-13.1,-14.2
GHCND:USC00295084,LOS ALAMOS NM US,20101022,4,2,1,-4321,-4321,-4321,0,0,0,3,3,2,1,-4321,-4321,-4321,0,0,0,1,1,2,4,6,7,10,0.13,-1692,-169.2,0.30,-1692,-169.2,0.74,-1692,-169.2,2.97,3.3,42.06,101.6,209,116,31,6,40,1,15,7,37,25,1,11,5,8.6,-4.9,15.0,2.1,-13.9,-14.4,-13.1,-14.2
GHCND:USC00295084,LOS ALAMOS NM US,20101023,4,2,1,-4321,-4321,-4321,0,0,0,3,3,2,1,-4321,-4321,-4321,0,0,0,1,1,2,4,6,7,10,0.13,-1692,-169.2,0.30,-1692,-169.2,0.74,-1692,-169.2,3.07,3.6,42.16,101.9,208,115,31,6,42,1,15,7,39,26,1,11,5,8.4,-4.9,14.8,1.9,-13.9,-14.4,-13.0,-14.1
GHCND:USC00295084,LOS ALAMOS NM US,20101024,4,2,1,-4321,-4321,-4321,0,0,0,3,3,2,1,-4321,-4321,-4321,0,0,0,1,1,3,5,6,7,10,0.13,-1692,-169.2,0.30,-1692,-169.2,0.74,-1692,-169.2,3.20,3.8,42.29,102.1,206,114,30,6,43,1,15,7,40,27,1,11,5,8.2,-4.9,14.6,1.8,-13.9,-14.4,-13.0,-14.1
GHCND:USC00295084,LOS ALAMOS NM US,20101025,4,2,1,-4321,-4321,-4321,0,0,0,3,3,2,1,-4321,-4321,-4321,0,0,0,1,1,3,5,6,8,11,0.10,-1692,-169.2,0.30,-1692,-169.2,0.74,-1692,-169.2,3.30,4.1,42.39,102.4,205,112,30,6,45,1,16,7,42,28,1,11,5,8.0,-5.0,14.4,1.6,-13.8,-14.4,-12.9,-14.1
GHCND:USC00295084,LOS ALAMOS NM US,20101026,4,2,1,-4321,-4321,-4321,0,0,0,3,2,2,1,-4321,-4321,-4321,0,0,0,1,1,3,5,6,8,11,0.10,-1692,-169.2,0.30,-1692,-169.2,0.74,-1692,-169.2,3.43,4.3,42.52,102.6,203,110,30,6,47,1,16,7,44,29,1,12,5,7.8,-5.1,14.2,1.4,-13.8,-14.4,-12.9,-14.1
GHCND:USC00295084,LOS ALAMOS NM US,20101027,4,2,1,-4321,-4321,-4321,0,0,0,3,2,2,1,-4321,-4321,-4321,0,0,0,1,2,3,5,6,8,11,0.10,-1692,-169.2,0.28,-1692,-169.2,0.74,-1692,-169.2,3.53,4.6,42.62,102.9,201,109,30,5,49,1,16,7,46,30,1,12,5,7.6,-5.1,13.9,1.3,-13.8,-14.4,-12.9,-14.1
GHCND:USC00295084,LOS ALAMOS NM US,20101028,4,2,1,-4321,-4321,-4321,0,0,0,3,2,2,1,-4321,-4321,-4321,0,0,0,1,2,3,6,7,8,11,0.10,-1692,-169.2,0.28,-1692,-169.2,0.74,-1692,-169.2,3.63,4.8,42.72,103.1,199,107,29,5,50,1,17,7,47,30,1,12,5,7.4,-5.1,13.8,1.1,-13.8,-14.4,-12.9,-14.1
GHCND:USC00295084,LOS ALAMOS NM US,20101029,3,2,1,-4321,-4321,-4321,0,0,0,3,2,2,1,-4321,-4321,-4321,0,0,0,1,2,3,6,7,8,11,0.10,-1692,-169.2,0.28,-1692,-169.2,0.74,-1692,-169.2,3.76,5.3,42.85,103.4,197,105,28,5,52,1,17,7,49,31,1,12,6,7.2,-5.2,13.6,0.9,-13.8,-14.4,-12.9,-14.1
GHCND:USC00295084,LOS ALAMOS NM US,20101030,3,2,1,-4321,-4321,-4321,0,0,0,3,2,2,1,-4321,-4321,-4321,0,0,0,1,2,3,6,7,8,11,0.10,-1692,-169.2,0.28,-1692,-169.2,0.74,-1692,-169.2,3.86,5.6,42.95,103.6,196,103,28,5,54,1,18,7,51,32,1,12,6,7.0,-5.2,13.3,0.7,-13.8,-14.4,-12.9,-14.1
GHCND:USC00295084,LOS ALAMOS NM US,20101031,3,2,1,-4321,-4321,-4321,0,0,0,2,2,2,1,-4321,-4321,-4321,0,0,0,1,2,3,6,7,9,12,0.10,-1692,-169.2,0.28,-1692,-169.2,0.71,-1692,-169.2,3.96,5.8,43.05,103.9,194,101,27,5,56,1,18,7,53,33,1,12,6,6.8,-5.2,13.1,0.6,-13.8,-14.4,-12.9,-14.1
GHCND:USC00295084,LOS ALAMOS NM US,20101101,3,1,1,-4321,-4321,0,0,0,0,2,2,1,1,-4321,-4321,0,0,0,0,1,2,4,6,7,9,12,0.10,-1692,-169.2,0.25,-1692,-169.2,0.71,-1692,-169.2,0.10,0.3,43.15,104.4,193,100,27,5,59,-9999,19,7,55,34,1,13,6,6.6,-5.3,12.8,0.4,-13.8,-14.4,-12.9,-14.1
GHCND:USC00295084,LOS ALAMOS NM US,20101102,3,1,1,-4321,-4321,0,0,0,0,2,2,1,1,-4321,-4321,0,0,0,0,1,2,4,7,7,9,12,0.10,-1692,-169.2,0.25,-1692,-169.2,0.71,-1692,-169.2,0.20,0.5,43.26,104.6,192,98,26,5,61,-9999,19,7,58,35,1,13,6,6.4,-5.3,12.6,0.2,-13.7,-14.4,-12.9,-14.1
GHCND:USC00295084,LOS ALAMOS NM US,20101103,3,1,-4321,-4321,-4321,0,0,0,0,2,2,1,-4321,-4321,-4321,0,0,0,0,1,2,4,7,8,9,12,0.10,-1692,-169.2,0.25,-1692,-169.2,0.71,-1692,-169.2,0.30,1.0,43.36,104.9,191,97,26,5,63,-9999,20,7,60,36,1,13,6,6.2,-5.4,12.4,0.0,-13.7,-14.4,-12.8,-14.0
GHCND:USC00295084,LOS ALAMOS NM US,20101104,3,1,-4321,-4321,-4321,0,0,0,0,2,2,1,-4321,-4321,-4321,0,0,0,0,1,2,4,7,8,9,12,0.10,-1692,-169.2,0.25,-1692,-169.2,0.71,-1692,-169.2,0.41,1.3,43.46,105.4,190,95,25,5,66,-9999,21,7,62,37,1,13,6,5.9,-5.4,12.2,-0.2,-13.7,-14.4,-12.8,-14.0
GHCND:USC00295084,LOS ALAMOS NM US,20101105,2,1,-4321,-4321,-4321,0,0,0,0,2,2,1,-4321,-4321,-4321,0,0,0,0,1,2,4,7,8,10,13,0.10,-1692,-169.2,0.25,-1692,-169.2,0.69,-1692,-169.2,0.51,1.5,43.56,105.7,189,93,25,5,69,-9999,22,7,64,38,1,14,6,5.8,-5.4,11.9,-0.4,-13.7,-14.4,-12.8,-14.0
GHCND:USC00295084,LOS ALAMOS NM US,20101106,2,1,-4321,-4321,-4321,0,0,0,0,2,2,1,-4321,-4321,-4321,0,0,0,0,1,3,4,7,8,10,13,0.10,-1692,-169.2,0.23,-1692,-169.2,0.69,-1692,-169.2,0.61,1.8,43.66,105.9,189,92,24,5,71,-9999,23,8,66,39,1,14,7,5.6,-5.5,11.7,-0.6,-13.7,-14.4,-12.8,-14.0
GHCND:USC00295084,LOS ALAMOS NM US,20101107,2,1,-4321,-4321,-4321,0,0,0,0,2,2,1,-4321,-4321,-4321,0,0,0,0,1,3,5,7,8,10,13,0.10,-1692,-169.2,0.23,-1692,-169.2,0.69,-1692,-169.2,0.69,2.3,43.74,106.2,188,90,24,5,74,-9999,25,8,68,40,1,14,7,5.3,-5.6,11.4,-0.8,-13.7,-14.4,-12.8,-14.0
GHCND:USC00295084,LOS ALAMOS NM US,20101108,2,1,-4321,-4321,0,0,0,0,0,2,1,1,-4321,-4321,0,0,0,0,0,1,3,5,8,9,11,13,0.08,-1692,-169.2,0.23,-1692,-169.2,0.66,-1692,-169.2,0.79,2.5,43.84,106.4,188,89,24,5,78,-9999,26,8,70,41,1,15,7,5.1,-5.6,11.2,-1.0,-13.7,-14.4,-12.8,-14.0
GHCND:USC00295084,LOS ALAMOS NM US,20101109,2,1,-4321,-4321,0,0,0,0,0,2,1,1,-4321,-4321,0,0,0,0,0,2,3,5,8,9,11,13,0.08,-1692,-169.2,0.23,-1692,-169.2,0.66,-1692,-169.2,0.86,2.8,43.92,106.9,187,88,23,5,81,-9999,28,9,72,42,1,15,7,4.8,-5.7,10.9,-1.2,-13.7,-14.4,-12.8,-14.0
GHCND:USC00295084,LOS ALAMOS NM US,20101110,2,1,-4321,0,0,0,0,0,0,2,1,1,-4321,0,0,0,0,0,0,2,3,6,8,9,11,14,0.08,-1692,-169.2,0.23,-1692,-169.2,0.66,-1692,-169.2,0.97,3.0,44.02,107.2,187,87,23,5,85,-9999,30,10,74,44,1,15,7,4.6,-5.7,10.7,-1.4,-13.7,-14.4,-12.8,-14.0
GHCND:USC00295084,LOS ALAMOS NM US,20101111,2,1,-4321,0,0,0,0,0,0,2,1,1,-4321,0,0,0,0,0,0,2,3,6,8,9,11,14,0.08,-1692,-169.2,0.20,-1692,-169.2,0.66,-1692,-169.2,1.04,3.6,44.09,107.4,186,86,23,5,89,-9999,32,11,76,45,1,16,7,4.4,-5.8,10.4,-1.6,-13.7,-14.5,-12.9,-14.0
GHCND:USC00295084,LOS ALAMOS NM US,20101112,2,1,-4321,0,0,0,0,0,0,1,1,1,-4321,0,0,0,0,0,0,2,3,6,9,10,12,14,0.08,-1692,-169.2,0.20,-1692,-169.2,0.66,-1692,-169.2,1.14,3.8,44.20,108.0,186,85,22,5,94,-9999,35,12,79,47,1,17,8,4.2,-5.8,10.1,-1.8,-13.7,-14.5,-12.9,-14.0
GHCND:USC00295084,LOS ALAMOS NM US,20101113,1,1,-4321,0,0,0,0,0,0,1,1,1,-4321,0,0,0,0,0,0,2,4,6,9,10,12,14,0.08,-1692,-169.2,0.20,-1692,-169.2,0.64,-1692,-169.2,1.22,4.1,44.27,108.2,185,84,22,5,99,-9999,38,13,81,48,1,17,8,3.9,-5.9,9.9,-2.1,-13.7,-14.5,-12.9,-13.9
GHCND:USC00295084,LOS ALAMOS NM US,20101114,1,1,-4321,0,0,0,0,0,0,1,1,1,-4321,0,0,0,0,0,0,2,4,6,9,10,12,14,0.08,-1692,-169.2,0.20,-1692,-169.2,0.64,-1692,-169.2,1.30,4.6,44.35,108.5,185,82,21,5,104,-9999,41,15,84,50,2,18,8,3.7,-5.9,9.6,-2.3,-13.7,-14.5,-12.9,-13.9
GHCND:USC00295084,LOS ALAMOS NM US,20101115,1,1,-4321,0,0,0,0,0,0,1,1,1,-4321,0,0,0,0,0,0,2,4,7,9,11,12,15,0.08,-1692,-169.2,0.20,-1692,-169.2,0.64,-1692,-169.2,1.37,4.8,44.42,109.0,184,82,21,5,110,-9999,44,17,86,51,2,18,8,3.4,-6.0,9.3,-2.4,-13.7,-14.5,-12.9,-13.9
GHCND:USC00295084,LOS ALAMOS NM US,20101116,1,-4321,-4321,0,0,0,0,0,0,1,1,-4321,-4321,0,0,0,0,0,0,2,4,7,9,11,12,15,0.08,-1692,-169.2,0.20,-1692,-169.2,0.61,-1692,-169.2,1.47,5.3,44.53,109.2,183,81,20,5,117,-9999,48,19,89,53,2,19,9,3.2,-6.0,9.1,-2.7,-13.7,-14.5,-12.9,-13.9
GHCND:USC00295084,LOS ALAMOS NM US,20101117,1,-4321,-4321,0,0,0,0,0,0,1,1,-4321,-4321,0,0,0,0,0,0,2,4,7,10,11,13,16,0.08,3,-169.2,0.20,5,-169.2,0.61,10,-169.2,1.55,5.8,44.60,109.7,183,80,20,5,123,-9999,52,22,91,54,2,20,9,2.9,-6.1,8.8,-2.9,-13.7,-14.6,-12.9,-13.9
GHCND:USC00295084,LOS ALAMOS NM US,20101118,1,-4321,-4321,0,0,0,0,0,0,1,1,-4321,-4321,0,0,0,0,0,0,3,4,7,10,11,13,16,0.08,3,-169.2,0.20,5,-169.2,0.61,10,-169.2,1.63,6.1,44.68,110.2,182,79,19,5,130,-9999,57,24,94,55,2,20,9,2.7,-6.1,8.6,-3.1,-13.7,-14.6,-12.9,-13.9
GHCND:USC00295084,LOS ALAMOS NM US,20101119,1,-4321,-4321,0,0,0,0,0,0,1,1,-4321,-4321,0,0,0,0,0,0,3,5,8,11,12,13,16,0.08,3,-169.2,0.20,5,-169.2,0.61,10,-169.2,1.68,6.6,44.73,110.5,182,79,19,5,138,-9999,61,27,96,57,2,21,9,2.5,-6.2,8.3,-3.3,-13.7,-14.6,-12.9,-13.9
GHCND:USC00295084,LOS ALAMOS NM US,20101120,1,-4321,-4321,0,0,0,0,0,0,1,1,-4321,-4321,0,0,0,0,0,0,3,5,8,11,12,13,16,0.08,3,-169.2,0.20,5,-169.2,0.61,10,-169.2,1.75,7.1,44.81,111.0,182,78,19,5,145,-9999,67,31,98,59,3,22,10,2.3,-6.2,8.0,-3.5,-13.7,-14.6,-12.9,-13.9
GHCND:USC00295084,LOS ALAMOS NM US,20101121,1,-4321,-4321,0,0,0,0,0,0,1,1,-4321,-4321,0,0,0,0,0,0,3,6,8,11,12,13,16,0.08,3,-169.2,0.20,5,-169.2,0.58,13,-169.2,1.83,7.6,44.88,111.5,182,78,18,5,154,-9999,73,34,101,61,3,23,10,2.0,-6.3,7.8,-3.7,-13.7,-14.6,-12.9,-13.9
GHCND:USC00295084,LOS ALAMOS NM US,20101122,1,-4321,-4321,0,0,0,0,0,0,1,1,-4321,-4321,0,0,0,0,0,0,3,6,8,11,12,14,17,0.08,3,-169.2,0.20,8,-169.2,0.58,13,-169.2,1.90,7.9,44.96,112.0,183,78,18,5,163,-9999,79,38,104,63,3,24,11,1.8,-6.3,7.5,-3.9,-13.7,-14.6,-12.9,-13.9
GHCND:USC00295084,LOS ALAMOS NM US,20101123,1,-4321,-4321,0,0,0,0,0,0,1,1,-4321,-4321,0,0,0,0,0,0,3,6,8,11,12,14,17,0.08,3,1.5,0.20,8,3.0,0.58,13,7.4,1.98,8.4,45.03,112.5,183,78,18,5,173,-9999,86,43,106,65,3,25,11,1.6,-6.4,7.3,-4.1,-13.7,-14.6,-13.0,-13.8
GHCND:USC00295084,LOS ALAMOS NM US,20101124,1,-4321,-4321,0,0,0,0,0,0,1,1,-4321,-4321,0,0,0,0,0,0,3,6,9,12,13,14,17,0.08,3,1.5,0.20,8,3.0,0.58,13,7.4,2.06,8.9,45.11,113.0,183,78,18,5,183,-9999,94,48,109,67,4,25,12,1.3,-6.4,7.0,-4.3,-13.7,-14.6,-13.0,-13.8
GHCND:USC00295084,LOS ALAMOS NM US,20101125,1,-4321,-4321,0,0,0,0,0,0,1,1,-4321,-4321,0,0,0,0,0,0,4,6,9,12,13,14,17,0.08,3,1.5,0.20,8,3.0,0.56,13,7.4,2.13,9.4,45.19,113.5,184,78,18,5,193,-9999,101,53,112,69,4,26,12,1.2,-6.5,6.8,-4.5,-13.7,-14.6,-13.0,-13.8
GHCND:USC00295084,LOS ALAMOS NM US,20101126,1,-4321,-4321,0,0,0,0,0,0,1,1,-4321,-4321,0,0,0,0,0,0,4,6,9,12,13,14,17,0.08,3,1.5,0.20,8,3.0,0.56,13,7.4,2.21,9.9,45.26,114.0,185,78,18,5,203,-9999,110,58,115,72,4,27,13,0.9,-6.6,6.6,-4.7,-13.7,-14.6,-13.0,-13.8
GHCND:USC00295084,LOS ALAMOS NM US,20101127,1,-4321,-4321,0,0,0,0,0,0,1,-4321,-4321,-4321,0,0,0,0,0,0,4,7,9,12,13,15,18,0.08,3,1.5,0.20,8,3.0,0.56,13,7.4,2.29,10.4,45.34,114.6,186,78,18,5,214,-9999,118,64,118,74,4,28,13,0.7,-6.6,6.3,-4.9,-13.7,-14.6,-13.1,-13.8
GHCND:USC00295084,LOS ALAMOS NM US,20101128,1,-4321,-4321,0,0,0,0,0,0,1,-4321,-4321,-4321,0,0,0,0,0,0,4,7,9,12,13,15,18,0.08,3,1.5,0.20,8,3.0,0.56,13,7.4,2.36,11.2,45.42,115.1,186,78,17,5,225,-9999,127,70,120,76,4,29,14,0.6,-6.6,6.1,-5.1,-13.7,-14.6,-13.1,-13.8
GHCND:USC00295084,LOS ALAMOS NM US,20101129,-4321,-4321,0,0,0,0,0,0,0,1,-4321,-4321,0,0,0,0,0,0,0,4,7,9,12,13,15,18,0.08,3,1.5,0.20,8,3.0,0.56,13,7.4,2.41,11.7,45.47,115.8,187,79,17,5,237,-9999,136,77,123,79,5,30,14,0.3,-6.7,5.9,-5.2,-13.7,-14.6,-13.1,-13.8
GHCND:USC00295084,LOS ALAMOS NM US,20101130,-4321,-4321,0,0,0,0,0,0,0,1,-4321,-4321,0,0,0,0,0,0,0,4,7,10,13,14,16,18,0.08,3,1.5,0.20,8,3.0,0.53,13,7.4,2.49,12.4,45.54,116.3,188,79,17,5,249,-9999,145,84,125,81,5,30,15,0.2,-6.7,5.7,-5.4,-13.7,-14.6,-13.1,-13.7
GHCND:USC00295084,LOS ALAMOS NM US,20101201,-4321,-4321,0,0,0,0,0,0,0,1,-4321,-4321,0,0,0,0,0,0,0,4,7,10,13,14,16,18,0.08,3,1.5,0.20,8,3.3,0.53,13,7.4,0.08,0.8,45.62,117.1,188,79,17,5,261,17,155,91,128,83,5,31,15,0.0,-6.8,5.5,-5.6,-13.7,-14.6,-13.1,-13.7
GHCND:USC00295084,LOS ALAMOS NM US,20101202,-4321,-4321,0,0,0,0,0,0,0,-4321,-4321,-4321,0,0,0,0,0,0,0,5,7,10,13,14,16,18,0.08,3,1.8,0.20,8,3.3,0.53,15,7.4,0.13,1.5,45.67,117.9,189,80,17,5,273,19,165,99,130,85,5,32,16,-0.2,-6.8,5.3,-5.7,-13.7,-14.6,-13.1,-13.7
GHCND:USC00295084,LOS ALAMOS NM US,20101203,-4321,-4321,0,0,0,0,0,0,0,-4321,-4321,-4321,0,0,0,0,0,0,0,5,8,11,13,14,16,19,0.08,3,1.8,0.20,8,3.3,0.53,15,7.4,0.20,2.3,45.75,118.9,190,80,17,4,285,21,175,107,132,88,5,33,16,-0.3,-6.8,5.1,-5.8,-13.7,-14.6,-13.2,-13.7
GHCND:USC00295084,LOS ALAMOS NM US,20101204,-4321,-4321,0,0,0,0,0,0,0,-4321,-4321,-4321,0,0,0,0,0,0,0,5,8,11,13,14,16,19,0.08,5,1.8,0.20,8,3.3,0.53,15,7.4,0.28,3.0,45.82,119.6,191,81,17,4,298,24,186,116,135,90,5,33,17,-0.5,-6.8,4.9,-5.9,-13.7,-14.6,-13.2,-13.7
GHCND:USC00295084,LOS ALAMOS NM US,20101205,-4321,-4321,0,0,0,0,0,0,0,-4321,-4321,-4321,0,0,0,0,0,0,0,5,8,11,13,14,16,19,0.08,5,1.8,0.20,8,3.3,0.53,15,7.4,0.36,4.1,45.90,120.4,191,82,17,4,310,26,197,124,137,92,6,34,17,-0.7,-6.9,4.8,-6.1,-13.7,-14.6,-13.2,-13.7
GHCND:USC00295084,LOS ALAMOS NM US,20101206,-4321,-4321,0,0,0,0,0,0,0,-4321,-4321,-4321,0,0,0,0,0,0,0,6,8,11,13,14,16,19,0.08,5,1.8,0.20,10,3.3,0.53,15,7.4,0.43,4.8,45.97,121.4,193,82,17,4,323,29,208,133,140,94,6,35,18,-0.8,-6.9,4.6,-6.2,-13.7,-14.6,-13.2,-13.6
GHCND:USC00295084,LOS ALAMOS NM US,20101207,-4321,-4321,0,0,0,0,0,0,0,-4321,-4321,-4321,0,0,0,0,0,0,0,6,8,11,14,15,17,19,0.08,5,1.8,0.20,10,3.3,0.51,15,7.4,0.51,5.8,46.05,122.2,194,83,16,4,336,32,220,142,142,97,6,36,18,-0.9,-6.9,4.5,-6.3,-13.7,-14.6,-13.2,-13.6
GHCND:USC00295084,LOS ALAMOS NM US,20101208,-4321,-4321,0,0,0,0,0,0,0,-4321,-4321,-4321,0,0,0,0,0,0,0,6,8,11,14,15,17,19,0.08,5,1.8,0.20,10,3.3,0.51,15,7.4,0.58,6.6,46.13,122.9,195,84,16,4,349,34,231,151,144,99,6,36,19,-1.1,-6.9,4.3,-6.4,-13.7,-14.7,-13.2,-13.6
GHCND:USC00295084,LOS ALAMOS NM US,20101209,-4321,-4321,0,0,0,0,0,0,0,-4321,-4321,-4321,0,0,0,0,0,0,0,6,8,11,14,15,17,19,0.08,5,1.8,0.20,10,3.6,0.51,18,7.4,0.66,7.4,46.20,124.0,196,84,16,4,361,37,243,161,146,101,6,37,19,-1.2,-7.0,4.2,-6.6,-13.7,-14.7,-13.2,-13.6
GHCND:USC00295084,LOS ALAMOS NM US,20101210,-4321,-4321,0,0,0,0,0,0,0,-4321,-4321,-4321,0,0,0,0,0,0,0,6,8,11,14,15,17,19,0.08,5,1.8,0.20,10,3.6,0.51,18,7.6,0.74,8.4,46.28,124.7,197,85,16,4,374,40,255,170,148,103,6,38,20,-1.3,-7.0,4.1,-6.7,-13.7,-14.7,-13.2,-13.6
GHCND:USC00295084,LOS ALAMOS NM US,20101211,-4321,-4321,0,0,0,0,0,0,0,-4321,-4321,-4321,0,0,0,0,0,0,0,6,8,11,14,15,17,19,0.08,5,1.8,0.20,10,3.6,0.51,18,7.6,0.79,9.4,46.33,125.7,198,85,16,4,387,42,267,180,150,105,7,39,20,-1.3,-7.1,4.0,-6.7,-13.7,-14.7,-13.2,-13.6
GHCND:USC00295084,LOS ALAMOS NM US,20101212,-4321,-4321,0,0,0,0,0,0,0,-4321,-4321,-4321,0,0,0,0,0,0,0,6,9,12,14,16,17,20,0.08,5,1.8,0.20,10,3.6,0.51,18,7.6,0.86,10.2,46.41,126.7,199,86,16,4,399,45,279,190,151,106,7,39,20,-1.4,-7.1,3.9,-6.8,-13.7,-14.7,-13.2,-13.6
GHCND:USC00295084,LOS ALAMOS NM US,20101213,-4321,-4321,0,0,0,0,0,0,0,-4321,-4321,-4321,0,0,0,0,0,0,0,6,9,12,14,16,17,20,0.08,5,1.8,0.20,10,3.6,0.51,18,7.6,0.94,11.2,46.48,127.5,199,86,16,4,412,48,292,200,152,108,7,40,21,-1.5,-7.1,3.8,-6.9,-13.7,-14.7,-13.2,-13.5
GHCND:USC00295084,LOS ALAMOS NM US,20101214,-4321,-4321,0,0,0,0,0,0,0,-4321,-4321,-4321,0,0,0,0,0,0,0,6,9,12,14,16,17,20,0.08,5,1.8,0.20,10,3.6,0.51,18,7.6,1.02,11.9,46.56,128.5,200,87,16,4,424,51,304,210,153,109,7,40,21,-1.6,-7.1,3.8,-6.9,-13.7,-14.7,-13.2,-13.5
GHCND:USC00295084,LOS ALAMOS NM US,20101215,-4321,-4321,0,0,0,0,0,0,0,-4321,-4321,-4321,0,0,0,0,0,0,0,6,9,12,14,16,17,20,0.08,5,1.8,0.20,10,3.8,0.51,18,7.9,1.07,13.0,46.61,129.3,200,87,16,3,436,54,317,220,154,110,7,41,21,-1.7,-7.1,3.7,-7.0,-13.7,-14.7,-13.3,-13.5
GHCND:USC00295084,LOS ALAMOS NM US,20101216,-4321,-4321,0,0,0,0,0,0,0,-4321,-4321,-4321,0,0,0,0,0,0,0,6,9,12,14,16,17,20,0.08,5,1.8,0.20,10,3.8,0.51,18,7.9,1.14,14.0,46.69,130.3,201,87,15,3,448,57,329,230,156,111,7,41,22,-1.7,-7.1,3.6,-7.1,-13.7,-14.7,-13.3,-13.5
GHCND:USC00295084,LOS ALAMOS NM US,20101217,-4321,-4321,0,0,0,0,0,0,0,-4321,-4321,-4321,0,0,0,0,0,0,0,6,9,12,14,16,17,20,0.08,5,1.8,0.20,10,3.8,0.51,18,7.9,1.22,14.7,46.76,131.3,201,88,15,3,459,59,341,240,157,112,7,42,22,-1.8,-7.1,3.6,-7.1,-13.7,-14.7,-13.3,-13.5
GHCND:USC00295084,LOS ALAMOS NM US,20101218,-4321,-4321,0,0,0,0,0,0,0,-4321,-4321,-4321,0,0,0,0,0,0,0,6,9,12,14,16,17,20,0.08,8,1.8,0.20,13,3.8,0.51,18,7.9,1.27,15.7,46.81,132.1,201,88,15,3,470,62,352,249,157,113,7,42,22,-1.8,-7.1,3.6,-7.2,-13.7,-14.7,-13.3,-13.5
GHCND:USC00295084,LOS ALAMOS NM US,20101219,-4321,-4321,0,0,0,0,0,0,0,-4321,-4321,-4321,0,0,0,0,0,0,0,6,9,12,14,16,17,20,0.08,8,1.8,0.20,13,3.8,0.51,20,7.9,1.35,16.5,46.89,133.1,201,88,15,3,481,65,364,259,158,113,7,43,23,-1.8,-7.1,3.5,-7.2,-13.7,-14.7,-13.3,-13.4
GHCND:USC00295084,LOS ALAMOS NM US,20101220,-4321,-4321,0,0,0,0,0,0,0,-4321,-4321,-4321,0,0,0,0,0,0,0,6,9,12,14,16,17,20,0.08,8,2.0,0.20,13,3.8,0.51,20,7.9,1.42,17.5,46.96,133.9,201,88,14,3,491,68,374,268,158,114,7,43,23,-1.9,-7.1,3.4,-7.2,-13.7,-14.7,-13.3,-13.4
GHCND:USC00295084,LOS ALAMOS NM US,20101221,-4321,-4321,0,0,0,0,0,0,0,-4321,-4321,-4321,0,0,0,0,0,0,0,7,9,12,14,16,17,20,0.08,8,2.0,0.20,13,3.8,0.51,20,8.1,1.50,18.5,47.04,134.9,201,88,14,3,500,71,385,277,159,114,7,43,23,-1.9,-7.1,3.4,-7.3,-13.7,-14.7,-13.3,-13.4
GHCND:USC00295084,LOS ALAMOS NM US,20101222,-4321,-4321,0,0,0,0,0,0,0,-4321,-4321,-4321,0,0,0,0,0,0,0,7,9,12,14,16,17,20,0.08,8,2.0,0.20,13,3.8,0.51,20,8.1,1.57,19.3,47.12,135.9,201,89,14,3,509,74,395,286,159,115,7,44,23,-1.9,-7.1,3.4,-7.3,-13.7,-14.7,-13.3,-13.4
GHCND:USC00295084,LOS ALAMOS NM US,20101223,-4321,-4321,0,0,0,0,0,0,0,-4321,-4321,-4321,0,0,0,0,0,0,0,7,9,12,14,16,17,20,0.08,8,2.0,0.20,13,3.8,0.51,20,8.1,1.65,20.3,47.19,136.7,201,89,14,3,518,77,405,296,159,115,7,44,24,-1.9,-7.1,3.4,-7.3,-13.7,-14.7,-13.3,-13.4
GHCND:USC00295084,LOS ALAMOS NM US,20101224,-4321,-4321,0,0,0,0,0,0,0,-4321,-4321,-4321,0,0,0,0,0,0,0,7,9,12,14,16,17,20,0.08,8,2.0,0.20,13,4.1,0.51,20,8.4,1.70,21.3,47.24,137.7,200,89,14,2,527,81,416,305,159,115,7,45,24,-1.9,-7.1,3.4,-7.3,-13.7,-14.7,-13.3,-13.4
GHCND:USC00295084,LOS ALAMOS NM US,20101225,-4321,-4321,0,0,0,0,0,0,0,-4321,-4321,-4321,0,0,0,0,0,0,0,7,9,12,15,16,18,21,0.08,8,2.0,0.20,13,4.1,0.51,20,8.4,1.78,22.1,47.32,138.7,199,89,14,2,535,84,425,314,159,115,7,45,24,-1.9,-7.1,3.4,-7.3,-13.7,-14.7,-13.3,-13.4
GHCND:USC00295084,LOS ALAMOS NM US,20101226,-4321,-4321,0,0,0,0,0,0,0,-4321,-4321,-4321,0,0,0,0,0,0,0,7,9,12,15,16,18,21,0.08,8,2.0,0.20,13,4.1,0.53,20,8.4,1.85,23.1,47.40,139.7,198,89,14,2,544,88,435,322,158,115,7,45,25,-1.9,-7.1,3.4,-7.3,-13.7,-14.7,-13.3,-13.4
GHCND:USC00295084,LOS ALAMOS NM US,20101227,-4321,-4321,0,0,0,0,0,0,0,-4321,-4321,-4321,0,0,0,0,0,0,0,7,9,12,15,16,18,21,0.08,8,2.0,0.20,13,4.1,0.53,20,8.6,1.93,24.1,47.47,140.5,197,89,14,2,552,91,445,331,157,114,7,46,25,-1.9,-7.0,3.4,-7.3,-13.7,-14.7,-13.3,-13.4
GHCND:USC00295084,LOS ALAMOS NM US,20101228,-4321,-4321,0,0,0,0,0,0,0,-4321,-4321,-4321,0,0,0,0,0,0,0,7,9,12,14,16,17,20,0.08,8,2.0,0.20,13,4.1,0.53,20,8.6,1.98,24.9,47.52,141.5,196,89,14,2,559,95,454,339,157,114,7,46,25,-1.9,-7.0,3.4,-7.3,-13.7,-14.7,-13.3,-13.4
GHCND:USC00295084,LOS ALAMOS NM US,20101229,-4321,-4321,0,0,0,0,0,0,0,-4321,-4321,-4321,0,0,0,0,0,0,0,7,9,12,14,16,17,20,0.08,8,2.0,0.20,13,4.1,0.53,20,8.9,2.06,25.7,47.60,142.2,195,89,14,2,567,98,464,346,156,114,7,47,25,-1.9,-7.0,3.4,-7.3,-13.7,-14.7,-13.3,-13.4
GHCND:USC00295084,LOS ALAMOS NM US,20101230,-4321,-4321,0,0,0,0,0,0,0,-4321,-4321,-4321,0,0,0,0,0,0,0,7,9,12,14,16,17,20,0.08,8,2.0,0.20,13,4.1,0.53,20,8.9,2.13,26.7,47.68,143.0,194,88,14,2,574,101,472,354,156,113,8,47,26,-1.9,-7.0,3.5,-7.3,-13.7,-14.7,-13.3,-13.4
GHCND:USC00295084,LOS ALAMOS NM US,20101231,-4321,-4321,0,0,0,0,0,0,0,-4321,-4321,-4321,0,0,0,0,0,0,0,6,9,12,14,16,17,20,0.08,8,2.0,0.20,13,4.1,0.53,20,9.1,2.18,27.4,47.73,143.8,193,88,14,2,581,104,480,361,155,112,8,47,26,-1.9,-6.9,3.5,-7.3,-13.7,-14.7,-13.3,-13.4
